variable,codigo,etiqueta,n,n_adecuado,porcentaje_no_ponderado,suma_pesos,suma_pesos_adecuado,porcentaje_ponderado,diferencia_total_pp,upm,estratos,n_efectivo_pesos_kish,estratos_una_upm_en_subgrupo,codigo_referencia,etiqueta_referencia,diferencia_referencia_pp
total,total,Total del dominio,39551,27594,69.76814745518445,1382774.3486954877,952087.9101785298,68.85345472865703,0.0,6326,150,8827.86601317786,0,total,Total del dominio,0.0
p02,1,Hombre,18198,13078,71.86504011429827,623521.0324456517,449548.50625450595,72.09837084263717,3.244916113980139,5081,150,4155.064712021136,1,1,Hombre,0.0
p02,2,Mujer,21353,14516,67.98107994192854,759253.3162498361,502539.40392402397,66.18863469786425,-2.6648200307927823,5575,150,4685.688704766382,0,1,Hombre,-5.909736144772921
area,1,Urbana,35099,24845,70.78549246417278,1186533.3267561079,835448.2717455484,70.41085597061152,1.5574012419544943,5149,81,7741.017110927161,0,1,Urbana,0.0
area,2,Rural,4452,2749,61.74752920035939,196241.02193938007,116639.63843298148,59.43692979188221,-9.41652493677482,1177,69,1109.049712005419,0,1,Urbana,-10.973926178729315
grupo_edad,15–19,15–19,11,1,9.090909090909092,206.27762089656497,6.18482261938777,2.9983003451882273,-65.8551543834688,8,8,8.026557418724273,8,30–34,30–34,-65.96785386266987
grupo_edad,20–24,20–24,2411,986,40.8958938199917,91633.75136453111,37229.3537172605,40.628429113588545,-28.225025615068482,1531,146,533.1872249810334,9,30–34,30–34,-28.33772509426955
grupo_edad,25–29,25–29,6783,4009,59.103641456582636,239659.96504718548,137928.02083064997,57.551548421320184,-11.301906307336843,3199,146,1590.3185346570554,2,30–34,30–34,-11.414605786537912
grupo_edad,30–34,30–34,6577,4654,70.76174547666109,250016.60517764994,172426.83747206978,68.9661542078581,0.11269947920106915,3003,149,1334.3367550707706,7,30–34,30–34,0.0
grupo_edad,35–39,35–39,5290,4067,76.88090737240076,222023.82635068943,171048.21701897177,77.04047796599946,8.18702323734243,2520,146,1169.7567042302228,12,30–34,30–34,8.074323758141361
grupo_edad,40–44,40–44,4769,3672,76.99727406164814,177225.538021938,135817.7735859986,76.63555439125612,7.782099662599094,2254,140,1390.4055954425826,9,30–34,30–34,7.669400183398025
grupo_edad,45–49,45–49,3935,3100,78.78017789072427,125839.14821143601,99092.31616916088,78.74522164014105,9.891766911484027,1971,137,900.3329828244977,20,30–34,30–34,9.779067432282957
grupo_edad,50–54,50–54,3600,2830,78.61111111111111,102286.14472266316,79224.30615581706,77.45360466036182,8.600149931704792,1842,133,752.7023202924433,18,30–34,30–34,8.487450452503722
grupo_edad,55–59,55–59,2891,2279,78.83085437564856,83167.48011482565,65204.641882492055,78.40160816759976,9.548153438942734,1522,137,668.386889083111,26,30–34,30–34,9.435453959741665
grupo_edad,60–64,60–64,1875,1284,68.47999999999999,50399.269292379715,34668.09476269664,68.7868995909002,-0.06655513775682209,1062,118,521.9302647407524,20,30–34,30–34,-0.17925461695789124
grupo_edad,65–69,65–69,889,482,54.21822272215972,27746.6948658384,14526.13293810493,52.35266040997711,-16.500794318679915,575,101,145.0825073899523,44,30–34,30–34,-16.613493797880984
grupo_edad,70–74,70–74,339,158,46.607669616519175,7893.475048924349,3409.7663219303754,43.197277508275995,-25.656177220381032,236,69,99.02478333715376,34,30–34,30–34,-25.7688766995821
grupo_edad,75–79,75–79,128,55,42.96875,3624.037903450474,1023.2107991925919,28.23399827629797,-40.61945645235906,97,38,29.341144400267126,22,30–34,30–34,-40.73215593156013
grupo_edad,80–84,80–84,48,16,33.33333333333333,1014.8119101672798,478.28729793472695,47.13063506082491,-21.72281966783212,35,24,17.09191246029171,19,30–34,30–34,-21.83551914703319
grupo_edad,85–89,85–89,5,1,20.0,37.32304291223197,4.76640363060517,12.770672642672084,-56.082782085984945,5,4,3.7712466825593336,3,30–34,30–34,-56.195481565186014
p10a,10,Post-grado,7262,6251,86.07821536766731,217820.9889552762,186420.7296865093,85.58437393045988,16.73091920180285,2780,140,1652.479574616128,7,9,Superior Universitario,19.305506792983337
p10a,8,Superior no universitario,6425,3971,61.80544747081712,272034.92199525965,173850.9554930127,63.90758738543214,-4.94586734322489,3144,149,1573.6880296393201,3,9,Superior Universitario,-2.3712797520444013
p10a,9,Superior Universitario,25864,17372,67.16671821837302,892918.4377449519,591816.2249990079,66.27886713747654,-2.5745875911804887,5689,150,5660.372649630222,0,9,Superior Universitario,0.0
prov,1,Azuay,5075,3875,76.35467980295566,86474.94800815622,66335.78630505002,76.71098720844942,7.857532479792397,645,9,1036.0737742801255,0,,Total nacional del dominio,7.857532479792397
prov,10,Imbabura,1477,914,61.88219363574814,36400.901087764716,22799.46250647254,62.63433548389831,-6.219119244758716,266,6,591.1176444980204,0,,Total nacional del dominio,-6.219119244758716
prov,11,Loja,1197,774,64.66165413533834,45980.131310484656,28676.511695130284,62.367180949288205,-6.4862737793688225,203,6,546.0457661164861,0,,Total nacional del dominio,-6.4862737793688225
prov,12,Los Ríos,389,253,65.03856041131105,50750.116351898265,30517.807295063983,60.13347256872347,-8.719982159933558,88,6,151.80790433695813,0,,Total nacional del dominio,-8.719982159933558
prov,13,Manabí,541,346,63.95563770794824,91749.99346276291,61944.699802771494,67.51466399603831,-1.338790732618719,110,6,241.01426167505772,0,,Total nacional del dominio,-1.338790732618719
prov,14,Morona Santiago,281,219,77.93594306049823,5500.937187030215,4932.285035315881,89.66263143205728,20.809176703400254,64,4,6.855928144787526,0,,Total nacional del dominio,20.809176703400254
prov,15,Napo,560,360,64.28571428571429,5546.529127760687,3625.6686971724025,65.36824406142085,-3.4852106672361742,98,4,165.57782675401432,0,,Total nacional del dominio,-3.4852106672361742
prov,16,Pastaza,826,524,63.438256658595634,11334.878406406784,7337.015518527178,64.72954764455254,-4.123907084104488,128,6,347.89977810244136,0,,Total nacional del dominio,-4.123907084104488
prov,17,Pichincha,7560,5555,73.47883597883597,410170.3490863596,306437.5745597102,74.70983098663504,5.856376257978013,1059,9,3160.2405361046594,0,,Total nacional del dominio,5.856376257978013
prov,18,Tungurahua,5217,3361,64.42399846655165,73371.52789547632,45818.84215465719,62.44771435035378,-6.40574037830325,623,9,1222.7480675193856,0,,Total nacional del dominio,-6.40574037830325
prov,19,Zamora Chinchipe,582,467,80.2405498281787,6754.141591423473,5650.508665096773,83.65990834826276,14.806453619605733,103,6,178.32241202578157,0,,Total nacional del dominio,14.806453619605733
prov,2,Bolívar,632,415,65.66455696202532,15883.397247889012,10421.172264714609,65.61047427117418,-3.242980457482844,107,6,272.80085681532256,0,,Total nacional del dominio,-3.242980457482844
prov,20,Galapagos,386,317,82.12435233160622,4602.3387138663875,3944.181085291294,85.69949607159225,16.846041342935223,79,3,207.88598318935445,0,,Total nacional del dominio,16.846041342935223
prov,21,Sucumbíos,626,468,74.76038338658148,12337.251532430371,8962.052270980686,72.64221084755019,3.7887561188931613,142,6,142.4496418542605,0,,Total nacional del dominio,3.7887561188931613
prov,22,Orellana,428,292,68.22429906542055,4662.179452170966,3366.790640746146,72.21495172560087,3.361496996943842,104,6,223.06141174806913,0,,Total nacional del dominio,3.361496996943842
prov,23,Santo Domingo de los Tsáchilas,411,278,67.63990267639902,31474.12128589322,21672.563361962428,68.85835879293039,0.004904064273361541,113,6,179.08431824605762,0,,Total nacional del dominio,0.004904064273361541
prov,24,Santa Elena,826,547,66.2227602905569,15956.683949664595,10575.489789782481,66.2762377392627,-2.57721698939433,194,4,313.346280852462,0,,Total nacional del dominio,-2.57721698939433
prov,3,Cañar,609,465,76.35467980295566,22034.944581356256,15275.106768879867,69.322192812793,0.4687380841359783,107,6,221.71516116994587,0,,Total nacional del dominio,0.4687380841359783
prov,4,Carchi,683,421,61.639824304538806,14222.738484481975,9233.411192965861,64.92006587226625,-3.9333888563907777,135,6,145.71001835802068,0,,Total nacional del dominio,-3.9333888563907777
prov,5,Cotopaxi,880,538,61.13636363636363,44701.48629313811,24753.978018806076,55.376185607067676,-13.477269121589352,124,6,380.7389251772388,0,,Total nacional del dominio,-13.477269121589352
prov,6,Chimborazo,778,422,54.24164524421594,54517.66777984723,26210.467306815866,48.077014982846926,-20.7764397458101,110,6,280.4054732693877,0,,Total nacional del dominio,-20.7764397458101
prov,7,El Oro,4041,2882,71.31898045038358,61893.01442183583,43991.44931477421,71.07659842667809,2.2231436980210617,704,9,616.3511355267846,0,,Total nacional del dominio,2.2231436980210617
prov,8,Esmeraldas,1510,961,63.64238410596027,33314.83746702581,21463.505998564586,64.42626658409672,-4.427188144560304,297,6,721.7941110485982,0,,Total nacional del dominio,-4.427188144560304
prov,9,Guayas,4036,2940,72.8444003964321,243139.2339703641,168141.57992927777,69.15444175075928,0.30098702210224815,723,9,1119.840390716993,0,,Total nacional del dominio,0.30098702210224815
