variable,codigo,etiqueta,porcentaje_ponderado,diferencia_total_pp,codigo_referencia,etiqueta_referencia,diferencia_referencia_pp,n,upm,estratos
p02,1,Hombre,72.09837084263717,3.244916113980139,1,Hombre,0.0,18198,5081,150
p02,2,Mujer,66.18863469786425,-2.6648200307927823,1,Hombre,-5.909736144772921,21353,5575,150
area,1,Urbana,70.41085597061152,1.5574012419544943,1,Urbana,0.0,35099,5149,81
area,2,Rural,59.43692979188221,-9.41652493677482,1,Urbana,-10.973926178729315,4452,1177,69
grupo_edad,15–19,15–19,2.9983003451882273,-65.8551543834688,30–34,30–34,-65.96785386266987,11,8,8
grupo_edad,20–24,20–24,40.628429113588545,-28.225025615068482,30–34,30–34,-28.33772509426955,2411,1531,146
grupo_edad,25–29,25–29,57.551548421320184,-11.301906307336843,30–34,30–34,-11.414605786537912,6783,3199,146
grupo_edad,30–34,30–34,68.9661542078581,0.11269947920106915,30–34,30–34,0.0,6577,3003,149
grupo_edad,35–39,35–39,77.04047796599946,8.18702323734243,30–34,30–34,8.074323758141361,5290,2520,146
grupo_edad,40–44,40–44,76.63555439125612,7.782099662599094,30–34,30–34,7.669400183398025,4769,2254,140
grupo_edad,45–49,45–49,78.74522164014105,9.891766911484027,30–34,30–34,9.779067432282957,3935,1971,137
grupo_edad,50–54,50–54,77.45360466036182,8.600149931704792,30–34,30–34,8.487450452503722,3600,1842,133
grupo_edad,55–59,55–59,78.40160816759976,9.548153438942734,30–34,30–34,9.435453959741665,2891,1522,137
grupo_edad,60–64,60–64,68.7868995909002,-0.06655513775682209,30–34,30–34,-0.17925461695789124,1875,1062,118
grupo_edad,65–69,65–69,52.35266040997711,-16.500794318679915,30–34,30–34,-16.613493797880984,889,575,101
grupo_edad,70–74,70–74,43.197277508275995,-25.656177220381032,30–34,30–34,-25.7688766995821,339,236,69
grupo_edad,75–79,75–79,28.23399827629797,-40.61945645235906,30–34,30–34,-40.73215593156013,128,97,38
grupo_edad,80–84,80–84,47.13063506082491,-21.72281966783212,30–34,30–34,-21.83551914703319,48,35,24
grupo_edad,85–89,85–89,12.770672642672084,-56.082782085984945,30–34,30–34,-56.195481565186014,5,5,4
p10a,10,Post-grado,85.58437393045988,16.73091920180285,9,Superior Universitario,19.305506792983337,7262,2780,140
p10a,8,Superior no universitario,63.90758738543214,-4.94586734322489,9,Superior Universitario,-2.3712797520444013,6425,3144,149
p10a,9,Superior Universitario,66.27886713747654,-2.5745875911804887,9,Superior Universitario,0.0,25864,5689,150
prov,1,Azuay,76.71098720844942,7.857532479792397,,Total nacional del dominio,7.857532479792397,5075,645,9
prov,10,Imbabura,62.63433548389831,-6.219119244758716,,Total nacional del dominio,-6.219119244758716,1477,266,6
prov,11,Loja,62.367180949288205,-6.4862737793688225,,Total nacional del dominio,-6.4862737793688225,1197,203,6
prov,12,Los Ríos,60.13347256872347,-8.719982159933558,,Total nacional del dominio,-8.719982159933558,389,88,6
prov,13,Manabí,67.51466399603831,-1.338790732618719,,Total nacional del dominio,-1.338790732618719,541,110,6
prov,14,Morona Santiago,89.66263143205728,20.809176703400254,,Total nacional del dominio,20.809176703400254,281,64,4
prov,15,Napo,65.36824406142085,-3.4852106672361742,,Total nacional del dominio,-3.4852106672361742,560,98,4
prov,16,Pastaza,64.72954764455254,-4.123907084104488,,Total nacional del dominio,-4.123907084104488,826,128,6
prov,17,Pichincha,74.70983098663504,5.856376257978013,,Total nacional del dominio,5.856376257978013,7560,1059,9
prov,18,Tungurahua,62.44771435035378,-6.40574037830325,,Total nacional del dominio,-6.40574037830325,5217,623,9
prov,19,Zamora Chinchipe,83.65990834826276,14.806453619605733,,Total nacional del dominio,14.806453619605733,582,103,6
prov,2,Bolívar,65.61047427117418,-3.242980457482844,,Total nacional del dominio,-3.242980457482844,632,107,6
prov,20,Galapagos,85.69949607159225,16.846041342935223,,Total nacional del dominio,16.846041342935223,386,79,3
prov,21,Sucumbíos,72.64221084755019,3.7887561188931613,,Total nacional del dominio,3.7887561188931613,626,142,6
prov,22,Orellana,72.21495172560087,3.361496996943842,,Total nacional del dominio,3.361496996943842,428,104,6
prov,23,Santo Domingo de los Tsáchilas,68.85835879293039,0.004904064273361541,,Total nacional del dominio,0.004904064273361541,411,113,6
prov,24,Santa Elena,66.2762377392627,-2.57721698939433,,Total nacional del dominio,-2.57721698939433,826,194,4
prov,3,Cañar,69.322192812793,0.4687380841359783,,Total nacional del dominio,0.4687380841359783,609,107,6
prov,4,Carchi,64.92006587226625,-3.9333888563907777,,Total nacional del dominio,-3.9333888563907777,683,135,6
prov,5,Cotopaxi,55.376185607067676,-13.477269121589352,,Total nacional del dominio,-13.477269121589352,880,124,6
prov,6,Chimborazo,48.077014982846926,-20.7764397458101,,Total nacional del dominio,-20.7764397458101,778,110,6
prov,7,El Oro,71.07659842667809,2.2231436980210617,,Total nacional del dominio,2.2231436980210617,4041,704,9
prov,8,Esmeraldas,64.42626658409672,-4.427188144560304,,Total nacional del dominio,-4.427188144560304,1510,297,6
prov,9,Guayas,69.15444175075928,0.30098702210224815,,Total nacional del dominio,0.30098702210224815,4036,723,9
