tabla,variable,pct_vacio_min,pct_vacio_max,meses_totalmente_vacios,diferencia_pp
personas,p26,69.24985615650172,74.795197740113,0,5.545341583611275
personas,p25,76.39680321112425,81.81098964326813,0,5.414186432143879
personas,p22,51.32062146892656,53.90137781000725,0,2.5807563410806864
personas,p15ab,62.3048832879851,64.6483680580246,0,2.3434847700395025
personas,p21,49.85169491525424,52.103711162255465,0,2.2520162470012224
personas,p73b,76.23573472776738,78.3163723974253,0,2.080637669657918
personas,p28,89.5656779661017,91.47367663981588,0,1.9079986737141752
personas,p30,89.82697740112995,91.70742232451092,0,1.8804449233809635
personas,p29,89.82697740112995,91.70742232451092,0,1.8804449233809635
personas,ingrl,55.51486584481509,57.3340395480226,0,1.819173703207511
personas,p32,53.28389830508474,55.03263234227701,0,1.7487340371922713
personas,p34,55.49435028248587,57.160986221899925,0,1.666635939414057
personas,grupo1,50.881073241479335,52.51059322033898,0,1.6295199788596477
personas,empleo,50.881073241479335,52.51059322033898,0,1.6295199788596477
personas,secemp,50.881073241479335,52.51059322033898,0,1.6295199788596477
personas,rama1,50.881073241479335,52.51059322033898,0,1.6295199788596477
personas,p24,50.25743292240754,51.86793785310735,0,1.6105049306998112
personas,p46,50.25743292240754,51.86793785310735,0,1.6105049306998112
personas,p47a,50.25743292240754,51.86793785310735,0,1.6105049306998112
personas,p45,50.25743292240754,51.86793785310735,0,1.6105049306998112
personas,p50,50.25743292240754,51.86793785310735,0,1.6105049306998112
personas,p51a,50.25743292240754,51.86793785310735,0,1.6105049306998112
personas,p36,55.780367231638415,57.356780275562,0,1.576413043923587
personas,p11,58.36674781612488,59.87858519030136,0,1.51183737417648
personas,p23,98.0367231638418,99.5325086306099,0,1.4957854667680976
personas,p47b,59.03915881073242,60.47316384180791,0,1.4340050310754933
personas,p42,48.75997099347353,50.18714689265536,0,1.427175899181833
personas,p41,48.75997099347353,50.18714689265536,0,1.427175899181833
personas,p40,48.75997099347353,50.18714689265536,0,1.427175899181833
personas,p49,60.29369108049311,61.659604519774014,0,1.3659134392809023
personas,p48,60.29369108049311,61.659604519774014,0,1.3659134392809023
personas,p12b,85.06185270425777,86.27707310179133,0,1.2152203975335567
personas,p44i,74.59390862944163,75.76977401129945,0,1.1758653818578182
personas,p43,74.59390862944163,75.76977401129945,0,1.1758653818578182
personas,p44c,74.59390862944163,75.76977401129945,0,1.1758653818578182
personas,p44k,74.59390862944163,75.76977401129945,0,1.1758653818578182
personas,p68a,74.59390862944163,75.76977401129945,0,1.1758653818578182
personas,p67,74.59390862944163,75.76977401129945,0,1.1758653818578182
personas,p44f,74.59390862944163,75.76977401129945,0,1.1758653818578182
personas,p44d,74.59390862944163,75.76977401129945,0,1.1758653818578182
personas,p44j,74.59390862944163,75.76977401129945,0,1.1758653818578182
personas,p44h,74.59390862944163,75.76977401129945,0,1.1758653818578182
personas,p44g,74.59390862944163,75.76977401129945,0,1.1758653818578182
personas,p66,74.59390862944163,75.76977401129945,0,1.1758653818578182
personas,p44b,74.59390862944163,75.76977401129945,0,1.1758653818578182
personas,p44a,74.59390862944163,75.76977401129945,0,1.1758653818578182
personas,p44e,74.59390862944163,75.76977401129945,0,1.1758653818578182
vivienda_hogar,vi101,93.82603752131892,94.9817101051669,0,1.1556725838479736
vivienda_hogar,vi102,93.82603752131892,94.9817101051669,0,1.1556725838479736
personas,p09,31.1470714592582,32.300462848461294,0,1.1533913892030938
personas,p27,52.74111675126903,53.78531073446327,0,1.0441939831942406
personas,p12a,78.16478852626958,79.1894852135816,0,1.02469668731203
personas,p68b,87.5924583031182,88.60088787054275,0,1.0084295674245425
personas,p08,73.00847457627118,73.9725046541601,0,0.9640300778889213
personas,p42a,81.00255313028157,81.79344945765466,0,0.7908963273730905
personas,p64a,81.00255313028157,81.79344945765466,0,0.7908963273730905
personas,p63,81.00255313028157,81.79344945765466,0,0.7908963273730905
personas,p65,81.00255313028157,81.79344945765466,0,0.7908963273730905
personas,p57,96.41635793673412,97.1734752589183,0,0.757117322184186
personas,p58,96.41635793673412,97.1734752589183,0,0.757117322184186
personas,p56b,96.3949843260188,97.14111047180668,0,0.7461261457878834
personas,p53,96.37717298375604,97.10874568469504,0,0.7315727009389974
personas,p51c,96.37717298375604,97.10874568469504,0,0.7315727009389974
personas,p51b,96.37717298375604,97.10874568469504,0,0.7315727009389974
personas,p55,96.37717298375604,97.10874568469504,0,0.7315727009389974
personas,p54,96.37717298375604,97.10874568469504,0,0.7315727009389974
personas,p52,96.37717298375604,97.10874568469504,0,0.7315727009389974
personas,p56a,96.37717298375604,97.10874568469504,0,0.7315727009389974
personas,p64b,92.1209765749214,92.84355334406555,0,0.7225767691441547
personas,p10b,7.548176064851028,8.144013002155248,0,0.5958369373042194
personas,p76,95.035123664569,95.6308919506889,0,0.5957682861199061
personas,desempleo,97.50353107344633,98.08328538550056,0,0.5797543120542343
personas,sd01,97.50353107344633,98.07968929804372,0,0.5761582245973926
personas,sd022,97.50353107344633,98.07968929804372,0,0.5761582245973926
personas,sd025,97.50353107344633,98.07968929804372,0,0.5761582245973926
personas,sd021,97.50353107344633,98.07968929804372,0,0.5761582245973926
personas,sd023,97.50353107344633,98.07968929804372,0,0.5761582245973926
personas,p37,97.50353107344633,98.07968929804372,0,0.5761582245973926
personas,sd03,97.50353107344633,98.07968929804372,0,0.5761582245973926
personas,sd028,97.50353107344633,98.07968929804372,0,0.5761582245973926
personas,sd0211,97.50353107344633,98.07968929804372,0,0.5761582245973926
personas,sd0210,97.50353107344633,98.07968929804372,0,0.5761582245973926
personas,sd029,97.50353107344633,98.07968929804372,0,0.5761582245973926
personas,sd026,97.50353107344633,98.07968929804372,0,0.5761582245973926
personas,sd027,97.50353107344633,98.07968929804372,0,0.5761582245973926
personas,sd024,97.50353107344633,98.07968929804372,0,0.5761582245973926
personas,p06,14.794140652776791,15.366603248938974,0,0.5724625961621825
personas,p61b1,20.080552359033373,20.64247036440802,0,0.5619180053746469
personas,p38,98.31920903954804,98.8204833141542,0,0.5012742746061605
personas,p39,98.31920903954804,98.8204833141542,0,0.5012742746061605
personas,p70a,97.45654032487889,97.93584579976984,0,0.47930547489094977
personas,p69,97.45654032487889,97.93584579976984,0,0.47930547489094977
personas,p72b,91.71461449942464,92.18864334845604,0,0.47402884903139864
personas,p31,93.5956707164104,94.06816533720088,0,0.472494620790485
personas,p33,97.78468713563932,98.24151323360184,0,0.4568260979625194
personas,p75,4.962266837533817,5.384588206197223,0,0.42232136866340575
personas,p73a,4.962266837533817,5.384588206197223,0,0.42232136866340575
personas,p10a,4.962266837533817,5.384588206197223,0,0.42232136866340575
personas,p77,4.962266837533817,5.384588206197223,0,0.42232136866340575
personas,p71a,4.962266837533817,5.384588206197223,0,0.42232136866340575
personas,p07,4.962266837533817,5.384588206197223,0,0.42232136866340575
personas,cod_inf,4.962266837533817,5.384588206197223,0,0.42232136866340575
personas,nnivins,4.962266837533817,5.384588206197223,0,0.42232136866340575
personas,p20,4.962266837533817,5.384588206197223,0,0.42232136866340575
personas,p15,4.962266837533817,5.384588206197223,0,0.42232136866340575
personas,p74a,4.962266837533817,5.384588206197223,0,0.42232136866340575
personas,p72a,4.962266837533817,5.384588206197223,0,0.42232136866340575
personas,ingpc,0.4782796317606444,0.8898305084745763,0,0.4115508767139319
personas,epobreza,0.4782796317606444,0.8898305084745763,0,0.4115508767139319
personas,pobreza,0.4782796317606444,0.8898305084745763,0,0.4115508767139319
personas,p54a,97.9659447135936,98.3608956534465,0,0.3949509398529045
personas,p70b,98.84938728982615,99.22801112249375,0,0.3786238326675999
personas,p71b,97.99871115566376,98.34220368239356,0,0.3434925267298041
personas,p74b,99.07274810253472,99.2987881621058,0,0.2260400595710763
personas,p35,99.58112559072032,99.78064655327412,0,0.19952096255380525
personas,p78,99.6707156446656,99.77461921552946,0,0.10390357086384938
personas,id_persona,0.0,0.0,0,0.0
personas,p02,0.0,0.0,0,0.0
personas,p15aa,0.0,0.0,0,0.0
personas,mes,0.0,0.0,0,0.0
personas,p03,0.0,0.0,0,0.0
personas,ced01a,0.0,0.0,0,0.0
personas,dominio,0.0,0.0,0,0.0
personas,estrato,0.0,0.0,0,0.0
personas,fexp,0.0,0.0,0,0.0
personas,hogar,0.0,0.0,0,0.0
personas,conglomerado,0.0,0.0,0,0.0
personas,condact,0.0,0.0,0,0.0
personas,ciudad,0.0,0.0,0,0.0
personas,area,0.0,0.0,0,0.0
personas,p05a,0.0,0.0,0,0.0
personas,p04,0.0,0.0,0,0.0
personas,id_vivienda,0.0,0.0,0,0.0
personas,id_hogar,0.0,0.0,0,0.0
personas,p01,0.0,0.0,0,0.0
personas,p05b,0.0,0.0,0,0.0
personas,periodo,0.0,0.0,0,0.0
personas,panelm,0.0,0.0,0,0.0
personas,vivienda,0.0,0.0,0,0.0
vivienda_hogar,area,0.0,0.0,0,0.0
personas,prov,0.0,0.0,0,0.0
personas,upm,0.0,0.0,0,0.0
vivienda_hogar,conglomerado,0.0,0.0,0,0.0
vivienda_hogar,ciudad,0.0,0.0,0,0.0
vivienda_hogar,estrato,0.0,0.0,0,0.0
vivienda_hogar,fexp,0.0,0.0,0,0.0
vivienda_hogar,id_vivienda,0.0,0.0,0,0.0
vivienda_hogar,mes,0.0,0.0,0,0.0
vivienda_hogar,hogar,0.0,0.0,0,0.0
vivienda_hogar,id_hogar,0.0,0.0,0,0.0
vivienda_hogar,upm,0.0,0.0,0,0.0
vivienda_hogar,vi01,0.0,0.0,0,0.0
vivienda_hogar,vi02,0.0,0.0,0,0.0
vivienda_hogar,vi03a,0.0,0.0,0,0.0
vivienda_hogar,vi03b,0.0,0.0,0,0.0
vivienda_hogar,vi04a,0.0,0.0,0,0.0
vivienda_hogar,panelm,0.0,0.0,0,0.0
vivienda_hogar,periodo,0.0,0.0,0,0.0
vivienda_hogar,vi05a,0.0,0.0,0,0.0
vivienda_hogar,vi04b,0.0,0.0,0,0.0
vivienda_hogar,vi05b,0.0,0.0,0,0.0
vivienda_hogar,vi06,0.0,0.0,0,0.0
vivienda_hogar,vi07b,0.0,0.0,0,0.0
vivienda_hogar,vi08,0.0,0.0,0,0.0
vivienda_hogar,vi07,0.0,0.0,0,0.0
vivienda_hogar,vi07a,0.0,0.0,0,0.0
vivienda_hogar,vi10,0.0,0.0,0,0.0
vivienda_hogar,vi09,0.0,0.0,0,0.0
vivienda_hogar,vi10a,0.0,0.0,0,0.0
vivienda_hogar,vi11,0.0,0.0,0,0.0
vivienda_hogar,vi12,0.0,0.0,0,0.0
vivienda_hogar,vi13,0.0,0.0,0,0.0
vivienda_hogar,vi14,0.0,0.0,0,0.0
vivienda_hogar,vivienda,0.0,0.0,0,0.0
