mes_a,mes_b,claves_a,claves_b,claves_compartidas
01,01,28320,28320,28320
01,02,28320,28303,0
01,03,28320,27932,0
01,04,28320,28092,11579
01,05,28320,27903,0
01,06,28320,28072,0
01,07,28320,27509,0
01,08,28320,27580,0
01,09,28320,27332,0
01,10,28320,27809,5915
01,11,28320,28126,0
01,12,28320,27808,0
02,01,28303,28320,0
02,02,28303,28303,28303
02,03,28303,27932,0
02,04,28303,28092,0
02,05,28303,27903,11206
02,06,28303,28072,0
02,07,28303,27509,0
02,08,28303,27580,0
02,09,28303,27332,0
02,10,28303,27809,0
02,11,28303,28126,6018
02,12,28303,27808,0
03,01,27932,28320,0
03,02,27932,28303,0
03,03,27932,27932,27932
03,04,27932,28092,0
03,05,27932,27903,0
03,06,27932,28072,11187
03,07,27932,27509,0
03,08,27932,27580,0
03,09,27932,27332,0
03,10,27932,27809,0
03,11,27932,28126,0
03,12,27932,27808,5920
04,01,28092,28320,11579
04,02,28092,28303,0
04,03,28092,27932,0
04,04,28092,28092,28092
04,05,28092,27903,0
04,06,28092,28072,0
04,07,28092,27509,11208
04,08,28092,27580,0
04,09,28092,27332,0
04,10,28092,27809,0
04,11,28092,28126,0
04,12,28092,27808,0
05,01,27903,28320,0
05,02,27903,28303,11206
05,03,27903,27932,0
05,04,27903,28092,0
05,05,27903,27903,27903
05,06,27903,28072,0
05,07,27903,27509,0
05,08,27903,27580,11109
05,09,27903,27332,0
05,10,27903,27809,0
05,11,27903,28126,0
05,12,27903,27808,0
06,01,28072,28320,0
06,02,28072,28303,0
06,03,28072,27932,11187
06,04,28072,28092,0
06,05,28072,27903,0
06,06,28072,28072,28072
06,07,28072,27509,0
06,08,28072,27580,0
06,09,28072,27332,11267
06,10,28072,27809,0
06,11,28072,28126,0
06,12,28072,27808,0
07,01,27509,28320,0
07,02,27509,28303,0
07,03,27509,27932,0
07,04,27509,28092,11208
07,05,27509,27903,0
07,06,27509,28072,0
07,07,27509,27509,27509
07,08,27509,27580,0
07,09,27509,27332,0
07,10,27509,27809,9870
07,11,27509,28126,0
07,12,27509,27808,0
08,01,27580,28320,0
08,02,27580,28303,0
08,03,27580,27932,0
08,04,27580,28092,0
08,05,27580,27903,11109
08,06,27580,28072,0
08,07,27580,27509,0
08,08,27580,27580,27580
08,09,27580,27332,0
08,10,27580,27809,0
08,11,27580,28126,10040
08,12,27580,27808,0
09,01,27332,28320,0
09,02,27332,28303,0
09,03,27332,27932,0
09,04,27332,28092,0
09,05,27332,27903,0
09,06,27332,28072,11267
09,07,27332,27509,0
09,08,27332,27580,0
09,09,27332,27332,27332
09,10,27332,27809,0
09,11,27332,28126,0
09,12,27332,27808,9689
10,01,27809,28320,5915
10,02,27809,28303,0
10,03,27809,27932,0
10,04,27809,28092,0
10,05,27809,27903,0
10,06,27809,28072,0
10,07,27809,27509,9870
10,08,27809,27580,0
10,09,27809,27332,0
10,10,27809,27809,27809
10,11,27809,28126,0
10,12,27809,27808,0
11,01,28126,28320,0
11,02,28126,28303,6018
11,03,28126,27932,0
11,04,28126,28092,0
11,05,28126,27903,0
11,06,28126,28072,0
11,07,28126,27509,0
11,08,28126,27580,10040
11,09,28126,27332,0
11,10,28126,27809,0
11,11,28126,28126,28126
11,12,28126,27808,0
12,01,27808,28320,0
12,02,27808,28303,0
12,03,27808,27932,5920
12,04,27808,28092,0
12,05,27808,27903,0
12,06,27808,28072,0
12,07,27808,27509,0
12,08,27808,27580,0
12,09,27808,27332,9689
12,10,27808,27809,0
12,11,27808,28126,0
12,12,27808,27808,27808
