mes,registros,hogares_observacion,viviendas_observacion,upm,estratos,provincias,candidatos,candidatos_previamente,edad_99,peso_min,peso_mediana,peso_p99,peso_max,suma_pesos_anuales_del_mes
01,28320,8795,8765,1288,150,24,3286,3286,0,0.925646713964069,22.6737930971744,498.025389971824,1112.22187301654,1515266.976285991
02,28303,8766,8732,1288,150,24,3174,3174,0,1.43195175446138,22.907425291903,607.4552318672281,2269.7014948674,1702571.1596002774
03,27932,8790,8741,1288,150,24,3263,3263,0,1.3091642987285,22.1699103044446,566.950861304438,3093.37367687221,1567458.2828428173
04,28092,8810,8771,1288,150,24,3297,3297,0,1.20443691164509,24.4193649616086,499.584350132822,1755.08039525424,1512034.3090447597
05,27903,8739,8709,1288,150,24,3243,3243,0,1.05200930240931,23.1028151103592,553.659226762216,1461.33730837906,1558124.7802479793
06,28072,8768,8733,1288,150,24,3318,3318,0,1.05369758936671,23.4065393643712,361.181805046857,1244.08541205241,1442648.5210565932
07,27509,8607,8571,1288,150,24,3289,3289,0,0.882640056441623,23.2079616423876,441.770717104487,2137.34807330572,1489446.7193914298
08,27580,8607,8575,1288,150,24,3314,3314,0,0.72462169285626,22.8348765018558,558.9654077699,1620.85067610876,1490501.2756423985
09,27332,8584,8548,1288,150,24,3306,3306,0,1.34229072003287,23.808500617343,506.797530743419,2259.21347044793,1603546.5073975227
10,27809,8757,8742,1288,150,24,3343,3343,0,0.97525416676942,24.7743135093275,426.506570735254,1275.06159691085,1551688.001758798
11,28126,8767,8733,1288,150,24,3359,3359,0,0.858394750623046,24.1591008743914,485.650776286724,1658.50999011802,1549710.5157872124
12,27808,8748,8713,1288,150,24,3359,3359,0,1.1522825901481,23.487216844295,656.931970356079,4819.20396602893,1872045.2216782977
