estrato,upm_muestra_completa,upm_con_candidatos
0111,24,17
0112,25,21
0113,24,22
0121,24,9
0122,24,13
0123,24,24
0211,24,24
0212,24,21
0213,24,18
0221,24,6
0222,25,19
0223,24,19
0311,24,17
0312,24,22
0313,24,24
0321,24,7
0322,24,15
0323,24,22
0411,24,19
0412,48,45
0413,25,25
0421,24,12
0422,24,18
0423,24,16
0511,24,24
0512,25,24
0513,25,23
0521,24,10
0522,24,20
0523,24,23
0611,24,21
0612,24,24
0613,24,24
0621,25,6
0622,24,14
0623,24,21
0711,24,13
0712,48,43
0713,48,44
0721,24,11
0722,24,11
0723,24,19
0811,72,70
0812,98,87
0813,96,63
0821,73,16
0822,72,27
0823,48,34
0911,49,29
0912,24,20
0913,25,24
0921,25,12
0922,24,9
0923,24,5
1011,48,32
1012,72,64
1013,97,95
1021,48,9
1022,48,25
1023,48,41
1111,48,41
1112,49,48
1113,49,49
1121,48,16
1122,48,30
1123,24,19
1211,24,23
1212,24,23
1213,24,12
1221,25,5
1222,24,11
1223,24,14
1311,24,14
1312,48,42
1313,24,22
1321,24,4
1322,24,9
1323,24,19
1419,24,22
1421,27,9
1422,25,14
1423,24,19
1519,48,46
1521,26,9
1522,24,19
1523,24,24
1611,24,24
1612,25,24
1613,24,23
1621,24,15
1622,24,20
1623,24,22
1711,48,45
1712,48,48
1713,72,66
1721,48,30
1722,48,42
1723,49,45
1811,24,24
1812,24,24
1813,24,23
1821,24,14
1822,24,22
1823,24,21
1911,25,20
1912,24,22
1913,24,24
1921,24,6
1922,24,11
1923,24,20
2011,51,38
2022,25,22
2023,23,19
2111,24,19
2112,50,45
2113,24,23
2121,24,8
2122,48,28
2123,24,19
2211,24,17
2212,24,24
2213,25,22
2221,24,9
2222,25,12
2223,24,20
2311,24,11
2312,48,39
2313,24,22
2321,24,12
2322,25,11
2323,25,18
2411,72,45
2412,72,61
2413,72,71
2429,48,17
2511,291,291
2512,314,302
2513,220,190
2611,219,216
2612,360,305
2613,193,103
2711,169,168
2712,217,212
2713,169,159
2811,168,166
2812,264,248
2813,192,149
2911,144,143
2912,192,189
2913,170,163
