mes,codigo,n,variable
01,1,20757,area
01,2,7563,area
02,1,20846,area
02,2,7457,area
03,1,20305,area
03,2,7627,area
04,1,20607,area
04,2,7485,area
05,1,20443,area
05,2,7460,area
06,1,20435,area
06,2,7637,area
07,1,20220,area
07,2,7289,area
08,1,20212,area
08,2,7368,area
09,1,20073,area
09,2,7259,area
10,1,20293,area
10,2,7516,area
11,1,20625,area
11,2,7501,area
12,1,20507,area
12,2,7301,area
01,1,13733,p02
01,2,14587,p02
02,1,13617,p02
02,2,14686,p02
03,1,13409,p02
03,2,14523,p02
04,1,13587,p02
04,2,14505,p02
05,1,13523,p02
05,2,14380,p02
06,1,13513,p02
06,2,14559,p02
07,1,13221,p02
07,2,14288,p02
08,1,13283,p02
08,2,14297,p02
09,1,13126,p02
09,2,14206,p02
10,1,13387,p02
10,2,14422,p02
11,1,13446,p02
11,2,14680,p02
12,1,13380,p02
12,2,14428,p02
01,,4266,p06
01,1,6911,p06
01,2,1441,p06
01,3,907,p06
01,4,1255,p06
01,5,3758,p06
01,6,9782,p06
02,,4298,p06
02,1,6879,p06
02,2,1422,p06
02,3,897,p06
02,4,1244,p06
02,5,3772,p06
02,6,9791,p06
03,,4198,p06
03,1,6837,p06
03,2,1389,p06
03,3,838,p06
03,4,1304,p06
03,5,3724,p06
03,6,9642,p06
04,,4167,p06
04,1,6845,p06
04,2,1344,p06
04,3,874,p06
04,4,1308,p06
04,5,3816,p06
04,6,9738,p06
05,,4168,p06
05,1,6812,p06
05,2,1346,p06
05,3,867,p06
05,4,1257,p06
05,5,3917,p06
05,6,9536,p06
06,,4258,p06
06,1,6879,p06
06,2,1350,p06
06,3,874,p06
06,4,1205,p06
06,5,3808,p06
06,6,9698,p06
07,,4145,p06
07,1,6633,p06
07,2,1318,p06
07,3,844,p06
07,4,1218,p06
07,5,3888,p06
07,6,9463,p06
08,,4101,p06
08,1,6761,p06
08,2,1318,p06
08,3,848,p06
08,4,1242,p06
08,5,3794,p06
08,6,9516,p06
09,,4200,p06
09,1,6630,p06
09,2,1347,p06
09,3,816,p06
09,4,1198,p06
09,5,3688,p06
09,6,9453,p06
10,,4204,p06
10,1,6861,p06
10,2,1341,p06
10,3,877,p06
10,4,1141,p06
10,5,3753,p06
10,6,9632,p06
11,,4161,p06
11,1,6846,p06
11,2,1333,p06
11,3,892,p06
11,4,1240,p06
11,5,3772,p06
11,6,9882,p06
12,,4144,p06
12,1,6729,p06
12,2,1318,p06
12,3,901,p06
12,4,1251,p06
12,5,3786,p06
12,6,9679,p06
01,,1459,p07
01,1,7644,p07
01,2,19217,p07
02,,1524,p07
02,1,7618,p07
02,2,19161,p07
03,,1430,p07
03,1,7270,p07
03,2,19232,p07
04,,1394,p07
04,1,7471,p07
04,2,19227,p07
05,,1495,p07
05,1,7347,p07
05,2,19061,p07
06,,1461,p07
06,1,7500,p07
06,2,19111,p07
07,,1436,p07
07,1,7221,p07
07,2,18852,p07
08,,1459,p07
08,1,7341,p07
08,2,18780,p07
09,,1469,p07
09,1,7348,p07
09,2,18515,p07
10,,1418,p07
10,1,7476,p07
10,2,18915,p07
11,,1416,p07
11,1,7564,p07
11,2,19146,p07
12,,1438,p07
12,1,7439,p07
12,2,18931,p07
01,,1459,p10a
01,1,826,p10a
01,10,677,p10a
01,2,24,p10a
01,4,5377,p10a
01,5,5546,p10a
01,6,5285,p10a
01,7,3870,p10a
01,8,775,p10a
01,9,4481,p10a
02,,1524,p10a
02,1,781,p10a
02,10,652,p10a
02,2,41,p10a
02,4,5331,p10a
02,5,5519,p10a
02,6,5333,p10a
02,7,3884,p10a
02,8,823,p10a
02,9,4415,p10a
03,,1430,p10a
03,1,828,p10a
03,10,648,p10a
03,2,44,p10a
03,4,5503,p10a
03,5,5254,p10a
03,6,5098,p10a
03,7,3909,p10a
03,8,859,p10a
03,9,4359,p10a
04,,1394,p10a
04,1,764,p10a
04,10,694,p10a
04,2,26,p10a
04,4,5387,p10a
04,5,5373,p10a
04,6,5371,p10a
04,7,3822,p10a
04,8,810,p10a
04,9,4451,p10a
05,,1495,p10a
05,1,744,p10a
05,10,683,p10a
05,2,21,p10a
05,4,5243,p10a
05,5,5275,p10a
05,6,5344,p10a
05,7,3789,p10a
05,8,800,p10a
05,9,4509,p10a
06,,1461,p10a
06,1,734,p10a
06,10,650,p10a
06,2,38,p10a
06,4,5429,p10a
06,5,5347,p10a
06,6,5224,p10a
06,7,3961,p10a
06,8,825,p10a
06,9,4403,p10a
07,,1436,p10a
07,1,755,p10a
07,10,720,p10a
07,2,30,p10a
07,4,5121,p10a
07,5,5131,p10a
07,6,5220,p10a
07,7,3965,p10a
07,8,842,p10a
07,9,4289,p10a
08,,1459,p10a
08,1,684,p10a
08,10,672,p10a
08,2,23,p10a
08,4,5161,p10a
08,5,5220,p10a
08,6,5128,p10a
08,7,3944,p10a
08,8,776,p10a
08,9,4513,p10a
09,,1469,p10a
09,1,694,p10a
09,10,712,p10a
09,2,30,p10a
09,4,5123,p10a
09,5,5216,p10a
09,6,5047,p10a
09,7,3785,p10a
09,8,782,p10a
09,9,4474,p10a
10,,1418,p10a
10,1,775,p10a
10,10,767,p10a
10,2,21,p10a
10,4,5089,p10a
10,5,5307,p10a
10,6,5262,p10a
10,7,3928,p10a
10,8,769,p10a
10,9,4473,p10a
11,,1416,p10a
11,1,707,p10a
11,10,764,p10a
11,2,33,p10a
11,4,5373,p10a
11,5,5400,p10a
11,6,5234,p10a
11,7,3995,p10a
11,8,838,p10a
11,9,4366,p10a
12,,1438,p10a
12,1,791,p10a
12,10,734,p10a
12,2,31,p10a
12,4,5293,p10a
12,5,5297,p10a
12,6,5161,p10a
12,7,3790,p10a
12,8,827,p10a
12,9,4446,p10a
01,,22387,p12a
01,1,4017,p12a
01,2,1916,p12a
02,,22413,p12a
02,1,3884,p12a
02,2,2006,p12a
03,,22066,p12a
03,1,3959,p12a
03,2,1907,p12a
04,,22137,p12a
04,1,3995,p12a
04,2,1960,p12a
05,,21911,p12a
05,1,3991,p12a
05,2,2001,p12a
06,,22194,p12a
06,1,4005,p12a
06,2,1873,p12a
07,,21658,p12a
07,1,3964,p12a
07,2,1887,p12a
08,,21619,p12a
08,1,4048,p12a
08,2,1913,p12a
09,,21364,p12a
09,1,4047,p12a
09,2,1921,p12a
10,,21800,p12a
10,1,4091,p12a
10,2,1918,p12a
11,,22158,p12a
11,1,4124,p12a
11,2,1844,p12a
12,,21801,p12a
12,1,4154,p12a
12,2,1853,p12a
01,,1459,p15
01,1,2149,p15
01,2,390,p15
01,3,444,p15
01,4,266,p15
01,5,363,p15
01,6,22998,p15
01,7,231,p15
01,8,20,p15
02,,1524,p15
02,1,1943,p15
02,2,424,p15
02,3,357,p15
02,4,248,p15
02,5,372,p15
02,6,23175,p15
02,7,247,p15
02,8,13,p15
03,,1430,p15
03,1,2161,p15
03,2,443,p15
03,3,312,p15
03,4,247,p15
03,5,322,p15
03,6,22745,p15
03,7,261,p15
03,8,11,p15
04,,1394,p15
04,1,1981,p15
04,2,309,p15
04,3,480,p15
04,4,206,p15
04,5,308,p15
04,6,23194,p15
04,7,211,p15
04,8,9,p15
05,,1495,p15
05,1,1946,p15
05,2,382,p15
05,3,410,p15
05,4,233,p15
05,5,414,p15
05,6,22810,p15
05,7,203,p15
05,8,10,p15
06,,1461,p15
06,1,2130,p15
06,2,386,p15
06,3,354,p15
06,4,267,p15
06,5,318,p15
06,6,22909,p15
06,7,231,p15
06,8,16,p15
07,,1436,p15
07,1,1966,p15
07,2,444,p15
07,3,421,p15
07,4,245,p15
07,5,375,p15
07,6,22348,p15
07,7,251,p15
07,8,23,p15
08,,1459,p15
08,1,2176,p15
08,2,483,p15
08,3,393,p15
08,4,230,p15
08,5,425,p15
08,6,22191,p15
08,7,217,p15
08,8,6,p15
09,,1469,p15
09,1,1893,p15
09,2,413,p15
09,3,387,p15
09,4,291,p15
09,5,367,p15
09,6,22310,p15
09,7,196,p15
09,8,6,p15
10,,1418,p15
10,1,2037,p15
10,2,541,p15
10,3,432,p15
10,4,306,p15
10,5,431,p15
10,6,22436,p15
10,7,201,p15
10,8,7,p15
11,,1416,p15
11,1,2036,p15
11,2,527,p15
11,3,394,p15
11,4,256,p15
11,5,370,p15
11,6,22925,p15
11,7,196,p15
11,8,6,p15
12,,1438,p15
12,1,1934,p15
12,2,420,p15
12,3,396,p15
12,4,269,p15
12,5,358,p15
12,6,22790,p15
12,7,201,p15
12,8,2,p15
01,1,2491,prov
01,10,1387,prov
01,11,951,prov
01,12,533,prov
01,13,595,prov
01,14,340,prov
01,15,507,prov
01,16,520,prov
01,17,3891,prov
01,18,2134,prov
01,19,506,prov
01,2,492,prov
01,20,279,prov
01,21,710,prov
01,22,617,prov
01,23,649,prov
01,24,1126,prov
01,3,516,prov
01,4,663,prov
01,5,525,prov
01,6,515,prov
01,7,2870,prov
01,8,1751,prov
01,9,3752,prov
02,1,2476,prov
02,10,1314,prov
02,11,874,prov
02,12,577,prov
02,13,652,prov
02,14,341,prov
02,15,503,prov
02,16,593,prov
02,17,3879,prov
02,18,2197,prov
02,19,517,prov
02,2,438,prov
02,20,250,prov
02,21,746,prov
02,22,552,prov
02,23,569,prov
02,24,1199,prov
02,3,524,prov
02,4,648,prov
02,5,505,prov
02,6,492,prov
02,7,3029,prov
02,8,1689,prov
02,9,3739,prov
03,1,2407,prov
03,10,1329,prov
03,11,864,prov
03,12,508,prov
03,13,641,prov
03,14,421,prov
03,15,493,prov
03,16,593,prov
03,17,3794,prov
03,18,2090,prov
03,19,606,prov
03,2,498,prov
03,20,266,prov
03,21,691,prov
03,22,618,prov
03,23,582,prov
03,24,1212,prov
03,3,486,prov
03,4,553,prov
03,5,515,prov
03,6,505,prov
03,7,2843,prov
03,8,1708,prov
03,9,3709,prov
04,1,2497,prov
04,10,1411,prov
04,11,976,prov
04,12,552,prov
04,13,589,prov
04,14,350,prov
04,15,506,prov
04,16,492,prov
04,17,3937,prov
04,18,2121,prov
04,19,509,prov
04,2,466,prov
04,20,242,prov
04,21,687,prov
04,22,593,prov
04,23,618,prov
04,24,1136,prov
04,3,487,prov
04,4,644,prov
04,5,491,prov
04,6,515,prov
04,7,2848,prov
04,8,1722,prov
04,9,3703,prov
05,1,2365,prov
05,10,1319,prov
05,11,876,prov
05,12,515,prov
05,13,618,prov
05,14,350,prov
05,15,462,prov
05,16,571,prov
05,17,3887,prov
05,18,2232,prov
05,19,533,prov
05,2,482,prov
05,20,275,prov
05,21,716,prov
05,22,564,prov
05,23,572,prov
05,24,1169,prov
05,3,511,prov
05,4,595,prov
05,5,450,prov
05,6,504,prov
05,7,2966,prov
05,8,1707,prov
05,9,3664,prov
06,1,2451,prov
06,10,1372,prov
06,11,929,prov
06,12,503,prov
06,13,628,prov
06,14,419,prov
06,15,501,prov
06,16,540,prov
06,17,3953,prov
06,18,2086,prov
06,19,562,prov
06,2,484,prov
06,20,271,prov
06,21,721,prov
06,22,564,prov
06,23,550,prov
06,24,1227,prov
06,3,497,prov
06,4,555,prov
06,5,565,prov
06,6,471,prov
06,7,2827,prov
06,8,1718,prov
06,9,3678,prov
07,1,2490,prov
07,10,1299,prov
07,11,898,prov
07,12,507,prov
07,13,600,prov
07,14,306,prov
07,15,505,prov
07,16,514,prov
07,17,3926,prov
07,18,2074,prov
07,19,513,prov
07,2,411,prov
07,20,258,prov
07,21,660,prov
07,22,567,prov
07,23,540,prov
07,24,1176,prov
07,3,495,prov
07,4,604,prov
07,5,556,prov
07,6,457,prov
07,7,2866,prov
07,8,1699,prov
07,9,3588,prov
08,1,2281,prov
08,10,1370,prov
08,11,859,prov
08,12,518,prov
08,13,570,prov
08,14,336,prov
08,15,465,prov
08,16,605,prov
08,17,3883,prov
08,18,2128,prov
08,19,494,prov
08,2,458,prov
08,20,250,prov
08,21,671,prov
08,22,523,prov
08,23,521,prov
08,24,1223,prov
08,3,508,prov
08,4,570,prov
08,5,462,prov
08,6,523,prov
08,7,2932,prov
08,8,1740,prov
08,9,3690,prov
09,1,2469,prov
09,10,1336,prov
09,11,892,prov
09,12,504,prov
09,13,646,prov
09,14,381,prov
09,15,469,prov
09,16,490,prov
09,17,3890,prov
09,18,2020,prov
09,19,468,prov
09,2,460,prov
09,20,242,prov
09,21,622,prov
09,22,536,prov
09,23,512,prov
09,24,1165,prov
09,3,568,prov
09,4,592,prov
09,5,478,prov
09,6,449,prov
09,7,2870,prov
09,8,1737,prov
09,9,3536,prov
10,1,2505,prov
10,10,1320,prov
10,11,939,prov
10,12,511,prov
10,13,647,prov
10,14,328,prov
10,15,489,prov
10,16,504,prov
10,17,3890,prov
10,18,2117,prov
10,19,566,prov
10,2,437,prov
10,20,273,prov
10,21,691,prov
10,22,529,prov
10,23,563,prov
10,24,1120,prov
10,3,505,prov
10,4,605,prov
10,5,525,prov
10,6,479,prov
10,7,2827,prov
10,8,1832,prov
10,9,3607,prov
11,1,2521,prov
11,10,1364,prov
11,11,883,prov
11,12,542,prov
11,13,600,prov
11,14,323,prov
11,15,516,prov
11,16,572,prov
11,17,3898,prov
11,18,2066,prov
11,19,502,prov
11,2,435,prov
11,20,206,prov
11,21,736,prov
11,22,575,prov
11,23,538,prov
11,24,1236,prov
11,3,477,prov
11,4,627,prov
11,5,543,prov
11,6,552,prov
11,7,2961,prov
11,8,1786,prov
11,9,3667,prov
12,1,2485,prov
12,10,1330,prov
12,11,916,prov
12,12,531,prov
12,13,632,prov
12,14,394,prov
12,15,438,prov
12,16,472,prov
12,17,3900,prov
12,18,2166,prov
12,19,539,prov
12,2,457,prov
12,20,225,prov
12,21,649,prov
12,22,614,prov
12,23,551,prov
12,24,1220,prov
12,3,526,prov
12,4,636,prov
12,5,464,prov
12,6,445,prov
12,7,2955,prov
12,8,1777,prov
12,9,3486,prov
01,0,5783,condact
01,1,5868,condact
01,2,2472,condact
01,3,174,condact
01,4,3729,condact
01,5,1158,condact
01,6,48,condact
01,7,626,condact
01,8,81,condact
01,9,8381,condact
02,0,5759,condact
02,1,5823,condact
02,2,2379,condact
02,3,139,condact
02,4,4031,condact
02,5,1182,condact
02,6,40,condact
02,7,626,condact
02,8,75,condact
02,9,8249,condact
03,0,5627,condact
03,1,5698,condact
03,2,2337,condact
03,3,168,condact
03,4,4050,condact
03,5,1256,condact
03,6,21,condact
03,7,612,condact
03,8,78,condact
03,9,8085,condact
04,0,5672,condact
04,1,5876,condact
04,2,2430,condact
04,3,193,condact
04,4,3885,condact
04,5,1101,condact
04,6,22,condact
04,7,575,condact
04,8,59,condact
04,9,8279,condact
05,0,5612,condact
05,1,5703,condact
05,2,2396,condact
05,3,180,condact
05,4,4023,condact
05,5,1160,condact
05,6,18,condact
05,7,585,condact
05,8,57,condact
05,9,8169,condact
06,0,5720,condact
06,1,5879,condact
06,2,2215,condact
06,3,197,condact
06,4,4115,condact
06,5,1154,condact
06,6,47,condact
06,7,548,condact
06,8,67,condact
06,9,8130,condact
07,0,5615,condact
07,1,5924,condact
07,2,2229,condact
07,3,151,condact
07,4,3893,condact
07,5,1065,condact
07,6,37,condact
07,7,517,condact
07,8,62,condact
07,9,8016,condact
08,0,5572,condact
08,1,5948,condact
08,2,2135,condact
08,3,189,condact
08,4,4149,condact
08,5,1095,condact
08,6,31,condact
08,7,587,condact
08,8,53,condact
08,9,7821,condact
09,0,5642,condact
09,1,5882,condact
09,2,2145,condact
09,3,157,condact
09,4,3980,condact
09,5,1083,condact
09,6,38,condact
09,7,533,condact
09,8,58,condact
09,9,7814,condact
10,0,5627,condact
10,1,5916,condact
10,2,2201,condact
10,3,134,condact
10,4,4084,condact
10,5,1061,condact
10,6,66,condact
10,7,556,condact
10,8,46,condact
10,9,8118,condact
11,0,5684,condact
11,1,6113,condact
11,2,2184,condact
11,3,142,condact
11,4,4029,condact
11,5,1162,condact
11,6,42,condact
11,7,549,condact
11,8,56,condact
11,9,8165,condact
12,0,5584,condact
12,1,6092,condact
12,2,1988,condact
12,3,120,condact
12,4,4172,condact
12,5,1062,condact
12,6,40,condact
12,7,489,condact
12,8,44,condact
12,9,8217,condact
01,,14871,empleo
01,1,13449,empleo
02,,14709,empleo
02,1,13594,empleo
03,,14402,empleo
03,1,13530,empleo
04,,14585,empleo
04,1,13507,empleo
05,,14423,empleo
05,1,13480,empleo
06,,14465,empleo
06,1,13607,empleo
07,,14210,empleo
07,1,13299,empleo
08,,14033,empleo
08,1,13547,empleo
09,,14047,empleo
09,1,13285,empleo
10,,14347,empleo
10,1,13462,empleo
11,,14454,empleo
11,1,13672,empleo
12,,14334,empleo
12,1,13474,empleo
01,,27613,desempleo
01,1,707,desempleo
02,,27602,desempleo
02,1,701,desempleo
03,,27242,desempleo
03,1,690,desempleo
04,,27458,desempleo
04,1,634,desempleo
05,,27261,desempleo
05,1,642,desempleo
06,,27457,desempleo
06,1,615,desempleo
07,,26930,desempleo
07,1,579,desempleo
08,,26940,desempleo
08,1,640,desempleo
09,,26741,desempleo
09,1,591,desempleo
10,,27207,desempleo
10,1,602,desempleo
11,,27521,desempleo
11,1,605,desempleo
12,,27275,desempleo
12,1,533,desempleo
01,202501,28320,periodo
02,202502,28303,periodo
03,202503,27932,periodo
04,202504,28092,periodo
05,202505,27903,periodo
06,202506,28072,periodo
07,202507,27509,periodo
08,202508,27580,periodo
09,202509,27332,periodo
10,202510,27809,periodo
11,202511,28126,periodo
12,202512,27808,periodo
01,040,7169,panelm
01,052,7111,panelm
01,053,7326,panelm
01,062,6714,panelm
02,047,7336,panelm
02,055,7183,panelm
02,056,7035,panelm
02,063,6749,panelm
03,051,7024,panelm
03,058,7101,panelm
03,059,7205,panelm
03,064,6602,panelm
04,053,7273,panelm
04,054,7117,panelm
04,062,7055,panelm
04,065,6647,panelm
05,056,7008,panelm
05,057,6924,panelm
05,063,7159,panelm
05,066,6812,panelm
06,059,7160,panelm
06,060,7142,panelm
06,064,7033,panelm
06,067,6737,panelm
07,054,7119,panelm
07,065,6954,panelm
07,068,6802,panelm
07,071,6634,panelm
08,057,6942,panelm
08,066,7131,panelm
08,069,6724,panelm
08,072,6783,panelm
09,060,7096,panelm
09,067,7110,panelm
09,070,6505,panelm
09,073,6621,panelm
10,052,6953,panelm
10,068,7146,panelm
10,071,7073,panelm
10,074,6637,panelm
11,055,7084,panelm
11,069,7147,panelm
11,072,7168,panelm
11,075,6727,panelm
12,058,6977,panelm
12,070,6927,panelm
12,073,7139,panelm
12,076,6765,panelm
