ciudad,prov,prefijo_upm,mes,n
100352,10,100300,01,19
100352,10,100300,02,74
100352,10,100300,03,26
100352,10,100300,04,25
100352,10,100300,05,42
100352,10,100300,06,75
100352,10,100300,07,75
100352,10,100300,08,123
100352,10,100300,09,50
100352,10,100300,10,72
100352,10,100300,11,111
10162,1,010150,07,27
10163,1,010150,02,25
10163,1,010150,05,26
10163,1,010150,09,21
10163,1,010150,12,22
10854,1,010850,10,22
130454,13,130400,07,17
130454,13,130400,10,18
160163,16,160150,06,11
160163,16,160150,09,69
160163,16,160150,12,64
170256,17,170250,10,16
180156,18,180150,02,21
180156,18,180150,05,21
180165,18,180150,09,5
180165,18,180150,12,5
210250,21,210252,09,11
210250,21,210252,12,11
220250,22,220254,06,28
220250,22,220254,08,26
220250,22,220254,09,30
220250,22,220254,11,32
230250,23,230200,06,15
230250,23,230200,07,23
230250,23,230200,09,13
230250,23,230200,10,41
230252,23,230200,11,16
230253,23,230200,06,26
230253,23,230200,07,22
230253,23,230200,09,25
230253,23,230200,10,20
240352,24,240350,04,29
240352,24,240350,07,27
60150,6,060155,04,22
60150,6,060155,07,19
80168,8,080150,06,11
80168,8,080150,09,14
80168,8,080150,10,33
80265,8,080254,01,29
80265,8,080254,04,29
80265,8,080254,10,24
80265,8,080254,11,29
80455,8,080450,03,35
80455,8,080450,06,36
80455,8,080450,07,15
80455,8,080450,10,14
