variable,n_total,n_faltante,porcentaje_faltante,suma_pesos_total,suma_pesos_faltante,porcentaje_ponderado_faltante
edad_limite_inferior,39551,0,0.0,1382774.3486954877,0.0,0.0
p02,39551,0,0.0,1382774.3486954877,0.0,0.0
p06,39551,0,0.0,1382774.3486954877,0.0,0.0
p07,39551,0,0.0,1382774.3486954877,0.0,0.0
p10a,39551,0,0.0,1382774.3486954877,0.0,0.0
p15,39551,0,0.0,1382774.3486954877,0.0,0.0
prov,39551,0,0.0,1382774.3486954877,0.0,0.0
area,39551,0,0.0,1382774.3486954877,0.0,0.0
mes,39551,0,0.0,1382774.3486954877,0.0,0.0
fexp,39551,0,0.0,1382774.3486954877,0.0,0.0
