variable,codigo,etiqueta,n,porcentaje,suma_pesos,porcentaje_ponderado
p02,1,Hombre,18198,46.01147885009229,623521.0324456516,45.092030600212006
p02,2,Mujer,21353,53.98852114990771,759253.3162498361,54.907969399787994
p06,1,Casado(a),13712,34.66916133599656,485115.1218000451,35.08273944029289
p06,2,Separado(a),1743,4.406968218249855,83256.66540520501,6.020987117945131
p06,3,Divorciado(a),2656,6.715380142095016,73853.49585629307,5.340965134764512
p06,4,Viudo(a),440,1.1124876741422467,15452.349868483449,1.1174889007061222
p06,5,Unión libre,4830,12.212080604788754,218998.90041242482,15.837645572397896
p06,6,Soltero(a),16170,40.88392202472757,506097.81535303633,36.60017383389343
p07,1,Si,1412,3.5700740815655734,46563.84059867275,3.3674214916266836
p07,2,No,38139,96.42992591843442,1336210.5080968149,96.63257850837331
p10a,10,Post-grado,7262,18.36110338550226,217820.9889552762,15.752460924717687
p10a,8,Superior no universitario,6425,16.244848423554398,272034.9219952596,19.67312470410649
p10a,9,Superior Universitario,25864,65.39404819094334,892918.4377449519,64.57441437117583
p15,1,Indígena,1037,2.6219311774670677,48115.27708956276,3.47961886441955
p15,2,Afroecuatoriano,478,1.2085661550908953,13675.29166068079,0.9889749309843713
p15,3,Negro,261,0.65990746125256,7635.828277698001,0.5522107265658824
p15,4,Mulato,178,0.45005183181209074,5764.913701372599,0.416909216374402
p15,5,Montuvio,219,0.5537154559935273,19255.358792048246,1.3925163429748166
p15,6,Mestizo,36873,93.22899547419787,1274598.161695471,92.1768734644181
p15,7,Blanco,487,1.2313215847892593,13195.260997797708,0.9542598913731763
p15,8,Otra,18,0.045510859396728276,534.2564808566809,0.038636562889722365
prov,1,Azuay,5075,12.831533968799777,86474.94800815622,6.2537281003033405
prov,10,Imbabura,1477,3.7344188516093144,36400.901087764716,2.6324541760631734
prov,11,Loja,1197,3.02647214988243,45980.131310484656,3.3252085818530266
prov,12,Los Ríos,389,0.9835402391848499,50750.11635189827,3.6701661699015493
prov,13,Manabí,541,1.3678541629794443,91749.99346276291,6.635210838942742
prov,14,Morona Santiago,281,0.7104750828044802,5500.937187030215,0.3978188626524502
prov,15,Napo,560,1.4158934034537685,5546.5291277606875,0.401115997920651
prov,16,Pastaza,826,2.0884427700943085,11334.878406406782,0.819720037264224
prov,17,Pichincha,7560,19.114560946625875,410170.3490863596,29.662854931704164
prov,18,Tungurahua,5217,13.190564081818412,73371.52789547633,5.306109992906304
prov,19,Zamora Chinchipe,582,1.4715177871608809,6754.141591423473,0.48844857425908605
prov,2,Bolívar,632,1.5979368410406816,15883.397247889012,1.1486615486375953
prov,20,Galapagos,386,0.9759550959520619,4602.338713866387,0.33283367732473795
prov,21,Sucumbíos,626,1.5827665545751055,12337.251532430371,0.8922100373115368
prov,22,Orellana,428,1.0821471012110946,4662.179452170966,0.3371612625421694
prov,23,Santo Domingo de los Tsáchilas,411,1.0391646228919622,31474.121285893223,2.2761574450369273
prov,24,Santa Elena,826,2.0884427700943085,15956.683949664597,1.1539615241429786
prov,3,Cañar,609,1.5397840762559734,22034.944581356256,1.5935314827140141
prov,4,Carchi,683,1.7268842759980785,14222.738484481975,1.0285653980998228
prov,5,Cotopaxi,880,2.2249753482844934,44701.48629313811,3.23273904634618
prov,6,Chimborazo,778,1.9670804783696998,54517.66777984723,3.9426293835490456
prov,7,El Oro,4041,10.217187934565498,61893.01442183584,4.4760025003519806
prov,8,Esmeraldas,1510,3.817855427169983,33314.83746702581,2.409275056227005
prov,9,Guayas,4036,10.204546029177518,243139.2339703641,17.5834353739453
area,1,Urbana,35099,88.74364744254254,1186533.3267561076,85.8081673177902
area,2,Rural,4452,11.25635255745746,196241.02193938007,14.19183268220981
mes,01,01,3286,8.308260220980506,106628.61051001695,7.711208311797989
mes,02,02,3174,8.025081540289753,117936.9391593662,8.52900831365784
mes,03,03,3263,8.250107456195797,105698.49824634516,7.643944100211387
mes,04,04,3297,8.336072412834062,104034.52337156038,7.523608133872803
mes,05,05,3243,8.199539834643877,115888.57059921153,8.38087361893436
mes,06,06,3318,8.389168415463578,115907.6271248492,8.382251755985834
mes,07,07,3289,8.315845364213294,111885.05105885348,8.091345573802846
mes,08,08,3314,8.379054891153194,117500.56842183782,8.497450689093858
mes,09,09,3306,8.358827842532426,122025.01488652054,8.824651325188322
mes,10,10,3343,8.452377942403478,120915.31566473431,8.744399675826072
mes,11,11,3359,8.492832039645016,126436.8846334148,9.143710595492
mes,12,12,3359,8.492832039645016,117916.74501877734,8.527547906136691
