grupo_edad,n,suma_pesos,porcentaje,porcentaje_ponderado
15–19,11,206.27762089656494,0.027812191853556167,0.014917663253673146
20–24,2411,91633.75136453111,6.095926778083993,6.626804398778339
25–29,6783,239659.96504718545,17.150008849333773,17.33182028385768
30–34,6577,250016.60517764994,16.62916234734899,18.080795714319994
35–39,5290,222023.82635068943,13.37513590048292,16.056403314116086
40–44,4769,177225.53802193797,12.057849359055396,12.816663701429878
45–49,3935,125839.14821143601,9.949179540340321,9.100483266134704
50–54,3600,102286.14472266314,9.102171879345654,7.397168223373547
55–59,2891,83167.48011482564,7.30954969533008,6.014537382276871
60–64,1875,50399.26929237971,4.740714520492529,3.6447934791331997
65–69,889,27746.6948658384,2.2477307779828575,2.006596006934515
70–74,339,7893.47504892435,0.8571211853050492,0.5708433235235432
75–79,128,3624.037903450474,0.32363277793228995,0.2620845481310381
80–84,48,1014.8119101672797,0.12136229172460873,0.07338955275852893
85–89,5,37.32304291223197,0.012641905387980077,0.0026991419784032447
90–97,0,0.0,0.0,0.0
98+,0,0.0,0.0,0.0
