tramo_ingreso,n,suma_pesos,porcentaje,porcentaje_ponderado
0,424,13985.786059460204,1.2086659064994298,1.1383933138124682
1–99,659,24395.18197182726,1.8785632839224629,1.9856811714334546
100–199,1140,45969.745214627015,3.249714937286203,3.74177399593469
200–399,3064,115572.12100635406,8.734321550741162,9.407160188022846
400–599,7235,253385.96965801058,20.624287343215506,20.62471801343294
600–999,10424,375146.6007417504,29.714937286202964,30.53560094285949
1 000–1 999,9247,312645.5394353032,26.359749144811857,25.448236529093474
2 000–4 999,2685,81333.85557732086,7.653933865450399,6.620286981523053
5 000–9 999,175,5005.402969603183,0.49885974914481185,0.4074220247119425
10 000+,27,1114.6289662506717,0.07696693272519954,0.09072683917563386
