modelo,metrica,estimacion,ic95_inferior,ic95_superior,replicas_validas,metodo_ic
base,roc_auc,0.5,0.5,0.5,1000,bootstrap UPM dentro de estrato
base,pr_auc,0.6873015034045009,0.6585628123793215,0.717011935203816,1000,bootstrap UPM dentro de estrato
base,brier,0.21498404283347392,0.203372068817953,0.22621622335776295,1000,bootstrap UPM dentro de estrato
base,log_loss,0.6213975795243117,0.5968692965837371,0.6451236145267257,1000,bootstrap UPM dentro de estrato
base,sensibilidad,1.0,1.0,1.0,1000,bootstrap UPM dentro de estrato
base,especificidad,0.0,0.0,0.0,1000,bootstrap UPM dentro de estrato
base,precision,0.6873015034045015,0.6585628123793216,0.7170119352038157,1000,bootstrap UPM dentro de estrato
base,exactitud,0.6873015034045015,0.6585628123793216,0.7170119352038157,1000,bootstrap UPM dentro de estrato
base,exactitud_balanceada,0.5,0.5,0.5,1000,bootstrap UPM dentro de estrato
base,tasa_predicha_positiva,1.0,1.0,1.0,1000,bootstrap UPM dentro de estrato
logistica,roc_auc,0.6736026015900964,0.6445266881455057,0.7023700486622102,1000,bootstrap UPM dentro de estrato
logistica,pr_auc,0.8125191745118494,0.783254917512471,0.841988729008737,1000,bootstrap UPM dentro de estrato
logistica,brier,0.19817012629045513,0.1854281068785911,0.21002129766906932,1000,bootstrap UPM dentro de estrato
logistica,log_loss,0.5807914350737445,0.550929983612266,0.6082815222478537,1000,bootstrap UPM dentro de estrato
logistica,sensibilidad,0.5909089651040972,0.5543117911985695,0.6262910945888082,1000,bootstrap UPM dentro de estrato
logistica,especificidad,0.6739857395060378,0.6246468561712123,0.721207258807317,1000,bootstrap UPM dentro de estrato
logistica,precision,0.7993528315230016,0.7631456821701904,0.8326694762839411,1000,bootstrap UPM dentro de estrato
logistica,exactitud,0.6168869475615874,0.5915268044355146,0.6426488687749113,1000,bootstrap UPM dentro de estrato
logistica,exactitud_balanceada,0.6324473523050675,0.6037557462494864,0.659481267558806,1000,bootstrap UPM dentro de estrato
logistica,tasa_predicha_positiva,0.5080767892163993,0.4745687963950307,0.5413216735364049,1000,bootstrap UPM dentro de estrato
boosting,roc_auc,0.6841842822143849,0.6543747679013349,0.713662941728799,1000,bootstrap UPM dentro de estrato
boosting,pr_auc,0.8243961623080247,0.7941326773380752,0.8521644189991247,1000,bootstrap UPM dentro de estrato
boosting,brier,0.19532740457855846,0.1812589611123438,0.20952544702820328,1000,bootstrap UPM dentro de estrato
boosting,log_loss,0.5740202245089701,0.5407245371785006,0.606936021501216,1000,bootstrap UPM dentro de estrato
boosting,sensibilidad,0.6147907725799425,0.5844333661934832,0.6443589781538673,1000,bootstrap UPM dentro de estrato
boosting,especificidad,0.626795329326054,0.5795809991503583,0.6711960028344046,1000,bootstrap UPM dentro de estrato
boosting,precision,0.7835861776798455,0.7499366043890217,0.8161469581437855,1000,bootstrap UPM dentro de estrato
boosting,exactitud,0.618544579426747,0.592956287684058,0.6424762234533384,1000,bootstrap UPM dentro de estrato
boosting,exactitud_balanceada,0.6207930509529982,0.5921022861011164,0.6473191057262166,1000,bootstrap UPM dentro de estrato
boosting,tasa_predicha_positiva,0.5392471617155705,0.5124623291931387,0.5647779647052775,1000,bootstrap UPM dentro de estrato
