modelo,variable,brecha,metrica,diferencia,ic95_inferior,ic95_superior,replicas_validas
logistica,p02,Mujer menos hombre,roc_auc,0.0016430627702617162,-0.04453995777983154,0.0413526412873538,1000
logistica,p02,Mujer menos hombre,brier,0.03085569812148134,0.017232758852896667,0.045212294355565,1000
logistica,p02,Mujer menos hombre,sensibilidad,-0.18865049722006094,-0.24213545505141848,-0.1333746568125354,1000
logistica,p02,Mujer menos hombre,especificidad,0.16373251875091066,0.09539403689040077,0.2267766347187489,1000
logistica,area,Rural menos urbana,roc_auc,0.03527111305566011,-0.03780525877769264,0.10233335957011629,1000
logistica,area,Rural menos urbana,brier,0.015547338491413376,-0.005298044933663889,0.03984099825713543,1000
logistica,area,Rural menos urbana,sensibilidad,-0.2305658976635428,-0.31112657439207575,-0.15240960002614082,1000
logistica,area,Rural menos urbana,especificidad,0.22722658359986225,0.12870586045955615,0.32191618938602995,1000
boosting,p02,Mujer menos hombre,roc_auc,0.0009626540280383011,-0.051570198619817986,0.05667269249639792,1000
boosting,p02,Mujer menos hombre,brier,0.02555547999946614,0.006393754172398127,0.044592505006461655,1000
boosting,p02,Mujer menos hombre,sensibilidad,-0.1528599395777427,-0.2053070956609718,-0.09727619798404245,1000
boosting,p02,Mujer menos hombre,especificidad,0.16016978416952954,0.06985463583529189,0.24510567624440252,1000
boosting,area,Rural menos urbana,roc_auc,0.07512438202757687,0.006788873242423564,0.13453631054269174,1000
boosting,area,Rural menos urbana,brier,0.0014276261059986417,-0.023569528970642288,0.03126318194065858,1000
boosting,area,Rural menos urbana,sensibilidad,-0.09003681520534856,-0.17746592724755683,-0.006578745624190517,1000
boosting,area,Rural menos urbana,especificidad,0.24306890698103145,0.17137410270549733,0.31589067961668815,1000
