variable,operacion,celdas_con_espacios_retirados,celdas_ausentes,filas_eliminadas
area,espacios_exteriores_y_vacio_a_ausente,0,0,0
ciudad,espacios_exteriores_y_vacio_a_ausente,0,0,0
conglomerado,espacios_exteriores_y_vacio_a_ausente,0,0,0
panelm,espacios_exteriores_y_vacio_a_ausente,0,0,0
vivienda,espacios_exteriores_y_vacio_a_ausente,0,0,0
hogar,espacios_exteriores_y_vacio_a_ausente,0,0,0
p01,espacios_exteriores_y_vacio_a_ausente,0,0,0
p02,espacios_exteriores_y_vacio_a_ausente,0,0,0
p03,espacios_exteriores_y_vacio_a_ausente,0,0,0
p04,espacios_exteriores_y_vacio_a_ausente,0,0,0
p05a,espacios_exteriores_y_vacio_a_ausente,0,0,0
p05b,espacios_exteriores_y_vacio_a_ausente,0,0,0
p06,espacios_exteriores_y_vacio_a_ausente,50310,50310,0
p07,espacios_exteriores_y_vacio_a_ausente,17399,17399,0
p08,espacios_exteriores_y_vacio_a_ausente,245547,245547,0
p09,espacios_exteriores_y_vacio_a_ausente,106638,106638,0
p10a,espacios_exteriores_y_vacio_a_ausente,17399,17399,0
p10b,espacios_exteriores_y_vacio_a_ausente,26482,26482,0
p11,espacios_exteriores_y_vacio_a_ausente,198026,198026,0
p12a,espacios_exteriores_y_vacio_a_ausente,263508,263508,0
p12b,espacios_exteriores_y_vacio_a_ausente,286507,286507,0
p15,espacios_exteriores_y_vacio_a_ausente,17399,17399,0
p15aa,espacios_exteriores_y_vacio_a_ausente,0,0,0
p15ab,espacios_exteriores_y_vacio_a_ausente,213192,213192,0
cod_inf,espacios_exteriores_y_vacio_a_ausente,17399,17399,0
p20,espacios_exteriores_y_vacio_a_ausente,17399,17399,0
p21,espacios_exteriores_y_vacio_a_ausente,172315,172315,0
p22,espacios_exteriores_y_vacio_a_ausente,178449,178449,0
p23,espacios_exteriores_y_vacio_a_ausente,331855,331855,0
p24,espacios_exteriores_y_vacio_a_ausente,170805,170805,0
p25,espacios_exteriores_y_vacio_a_ausente,265785,265785,0
p26,espacios_exteriores_y_vacio_a_ausente,239806,239806,0
p27,espacios_exteriores_y_vacio_a_ausente,178254,178254,0
p28,espacios_exteriores_y_vacio_a_ausente,302351,302351,0
p29,espacios_exteriores_y_vacio_a_ausente,303121,303121,0
p30,espacios_exteriores_y_vacio_a_ausente,303121,303121,0
p31,espacios_exteriores_y_vacio_a_ausente,314059,314059,0
p32,espacios_exteriores_y_vacio_a_ausente,181380,181380,0
p33,espacios_exteriores_y_vacio_a_ausente,327980,327980,0
p34,espacios_exteriores_y_vacio_a_ausente,188186,188186,0
p35,espacios_exteriores_y_vacio_a_ausente,333804,333804,0
p36,espacios_exteriores_y_vacio_a_ausente,188926,188926,0
p37,espacios_exteriores_y_vacio_a_ausente,327240,327240,0
p38,espacios_exteriores_y_vacio_a_ausente,329840,329840,0
p39,espacios_exteriores_y_vacio_a_ausente,329840,329840,0
p40,espacios_exteriores_y_vacio_a_ausente,165859,165859,0
p41,espacios_exteriores_y_vacio_a_ausente,165859,165859,0
p42,espacios_exteriores_y_vacio_a_ausente,165859,165859,0
p42a,espacios_exteriores_y_vacio_a_ausente,272440,272440,0
p43,espacios_exteriores_y_vacio_a_ausente,251628,251628,0
p44a,espacios_exteriores_y_vacio_a_ausente,251628,251628,0
p44b,espacios_exteriores_y_vacio_a_ausente,251628,251628,0
p44c,espacios_exteriores_y_vacio_a_ausente,251628,251628,0
p44d,espacios_exteriores_y_vacio_a_ausente,251628,251628,0
p44e,espacios_exteriores_y_vacio_a_ausente,251628,251628,0
p44f,espacios_exteriores_y_vacio_a_ausente,251628,251628,0
p44g,espacios_exteriores_y_vacio_a_ausente,251628,251628,0
p44h,espacios_exteriores_y_vacio_a_ausente,251628,251628,0
p44i,espacios_exteriores_y_vacio_a_ausente,251628,251628,0
p44j,espacios_exteriores_y_vacio_a_ausente,251628,251628,0
p44k,espacios_exteriores_y_vacio_a_ausente,251628,251628,0
p45,espacios_exteriores_y_vacio_a_ausente,170805,170805,0
p46,espacios_exteriores_y_vacio_a_ausente,170805,170805,0
p47a,espacios_exteriores_y_vacio_a_ausente,170805,170805,0
p47b,espacios_exteriores_y_vacio_a_ausente,200125,200125,0
p48,espacios_exteriores_y_vacio_a_ausente,204362,204362,0
p49,espacios_exteriores_y_vacio_a_ausente,204362,204362,0
p50,espacios_exteriores_y_vacio_a_ausente,170805,170805,0
p51a,espacios_exteriores_y_vacio_a_ausente,170805,170805,0
p51b,espacios_exteriores_y_vacio_a_ausente,324047,324047,0
p51c,espacios_exteriores_y_vacio_a_ausente,324047,324047,0
p52,espacios_exteriores_y_vacio_a_ausente,324047,324047,0
p53,espacios_exteriores_y_vacio_a_ausente,324047,324047,0
p54,espacios_exteriores_y_vacio_a_ausente,324047,324047,0
p54a,espacios_exteriores_y_vacio_a_ausente,328689,328689,0
p55,espacios_exteriores_y_vacio_a_ausente,324047,324047,0
p56a,espacios_exteriores_y_vacio_a_ausente,324047,324047,0
p56b,espacios_exteriores_y_vacio_a_ausente,324122,324122,0
p57,espacios_exteriores_y_vacio_a_ausente,324204,324204,0
p58,espacios_exteriores_y_vacio_a_ausente,324204,324204,0
p61b1,espacios_exteriores_y_vacio_a_ausente,67897,67897,0
p63,espacios_exteriores_y_vacio_a_ausente,272440,272440,0
p64a,espacios_exteriores_y_vacio_a_ausente,272440,272440,0
p64b,espacios_exteriores_y_vacio_a_ausente,309600,309600,0
p65,espacios_exteriores_y_vacio_a_ausente,272440,272440,0
p66,espacios_exteriores_y_vacio_a_ausente,251628,251628,0
p67,espacios_exteriores_y_vacio_a_ausente,251628,251628,0
p68a,espacios_exteriores_y_vacio_a_ausente,251628,251628,0
p68b,espacios_exteriores_y_vacio_a_ausente,294941,294941,0
p69,espacios_exteriores_y_vacio_a_ausente,327208,327208,0
p70a,espacios_exteriores_y_vacio_a_ausente,327208,327208,0
p70b,espacios_exteriores_y_vacio_a_ausente,331595,331595,0
p71a,espacios_exteriores_y_vacio_a_ausente,17399,17399,0
p71b,espacios_exteriores_y_vacio_a_ausente,328707,328707,0
p72a,espacios_exteriores_y_vacio_a_ausente,17399,17399,0
p72b,espacios_exteriores_y_vacio_a_ausente,307932,307932,0
p73a,espacios_exteriores_y_vacio_a_ausente,17399,17399,0
p73b,espacios_exteriores_y_vacio_a_ausente,258549,258549,0
p74a,espacios_exteriores_y_vacio_a_ausente,17399,17399,0
p74b,espacios_exteriores_y_vacio_a_ausente,332047,332047,0
p75,espacios_exteriores_y_vacio_a_ausente,17399,17399,0
p76,espacios_exteriores_y_vacio_a_ausente,319274,319274,0
p77,espacios_exteriores_y_vacio_a_ausente,17399,17399,0
p78,espacios_exteriores_y_vacio_a_ausente,333901,333901,0
sd01,espacios_exteriores_y_vacio_a_ausente,327240,327240,0
sd021,espacios_exteriores_y_vacio_a_ausente,327240,327240,0
sd022,espacios_exteriores_y_vacio_a_ausente,327240,327240,0
sd023,espacios_exteriores_y_vacio_a_ausente,327240,327240,0
sd024,espacios_exteriores_y_vacio_a_ausente,327240,327240,0
sd025,espacios_exteriores_y_vacio_a_ausente,327240,327240,0
sd026,espacios_exteriores_y_vacio_a_ausente,327240,327240,0
sd027,espacios_exteriores_y_vacio_a_ausente,327240,327240,0
sd028,espacios_exteriores_y_vacio_a_ausente,327240,327240,0
sd029,espacios_exteriores_y_vacio_a_ausente,327240,327240,0
sd0210,espacios_exteriores_y_vacio_a_ausente,327240,327240,0
sd0211,espacios_exteriores_y_vacio_a_ausente,327240,327240,0
sd03,espacios_exteriores_y_vacio_a_ausente,327240,327240,0
ced01a,espacios_exteriores_y_vacio_a_ausente,0,0,0
estrato,espacios_exteriores_y_vacio_a_ausente,0,0,0
fexp,espacios_exteriores_y_vacio_a_ausente,0,0,0
nnivins,espacios_exteriores_y_vacio_a_ausente,17399,17399,0
ingrl,espacios_exteriores_y_vacio_a_ausente,188650,188650,0
ingpc,espacios_exteriores_y_vacio_a_ausente,2134,2134,0
condact,espacios_exteriores_y_vacio_a_ausente,0,0,0
empleo,espacios_exteriores_y_vacio_a_ausente,172880,172880,0
desempleo,espacios_exteriores_y_vacio_a_ausente,327247,327247,0
secemp,espacios_exteriores_y_vacio_a_ausente,172880,172880,0
grupo1,espacios_exteriores_y_vacio_a_ausente,172880,172880,0
rama1,espacios_exteriores_y_vacio_a_ausente,172880,172880,0
prov,espacios_exteriores_y_vacio_a_ausente,0,0,0
dominio,espacios_exteriores_y_vacio_a_ausente,0,0,0
pobreza,espacios_exteriores_y_vacio_a_ausente,2134,2134,0
epobreza,espacios_exteriores_y_vacio_a_ausente,2134,2134,0
upm,espacios_exteriores_y_vacio_a_ausente,0,0,0
id_vivienda,espacios_exteriores_y_vacio_a_ausente,0,0,0
id_hogar,espacios_exteriores_y_vacio_a_ausente,0,0,0
id_persona,espacios_exteriores_y_vacio_a_ausente,0,0,0
periodo,espacios_exteriores_y_vacio_a_ausente,0,0,0
mes,espacios_exteriores_y_vacio_a_ausente,0,0,0
