variable,codigo,particion,n,proporcion_sin_peso,proporcion_con_peso
p02,1,entrenamiento,14430,0.4580661545298711,0.44728548701575555
p02,2,entrenamiento,17072,0.5419338454701289,0.5527145129842445
p02,1,prueba,3619,0.46451033243486073,0.46296698512193696
p02,2,prueba,4172,0.5354896675651393,0.5370330148780631
p06,1,entrenamiento,10891,0.3457240810107295,0.3482612373206334
p06,2,entrenamiento,1435,0.04555266332296362,0.06103232600853465
p06,3,entrenamiento,2059,0.06536092946479588,0.051810652996523876
p06,4,entrenamiento,343,0.010888197574757159,0.010972999078487599
p06,5,entrenamiento,3818,0.12119865405371087,0.1574357548953371
p06,6,entrenamiento,12956,0.411275474573043,0.37048702970048325
p06,1,prueba,2681,0.344115004492363,0.34961666032580263
p06,2,prueba,293,0.03760749582852009,0.05757143312307577
p06,3,prueba,582,0.07470157874470543,0.061131156948752596
p06,4,prueba,96,0.012321909896033885,0.012289198454550131
p06,5,prueba,1000,0.1283532280836863,0.16613238271053418
p06,6,prueba,3139,0.4029007829546913,0.35325916843728483
p07,1,entrenamiento,1158,0.03675957082090026,0.03465294967186687
p07,2,entrenamiento,30344,0.9632404291790997,0.9653470503281332
p07,1,prueba,246,0.03157489410858683,0.029794114715883484
p07,2,prueba,7545,0.9684251058914132,0.9702058852841164
p10a,10,entrenamiento,5762,0.18290902164941908,0.15660412956729597
p10a,8,entrenamiento,5044,0.1601168179798108,0.19556020133636343
p10a,9,entrenamiento,20696,0.65697416037077,0.6478356690963405
p10a,10,prueba,1426,0.18303170324733667,0.15186804079159325
p10a,8,prueba,1359,0.17443203696572968,0.20779287546640896
p10a,9,prueba,5006,0.6425362597869336,0.6403390837419979
p15,1,entrenamiento,819,0.02599834931115485,0.03623806123878237
p15,2,entrenamiento,399,0.012665862484921592,0.010366575462540911
p15,3,entrenamiento,217,0.006888451526887182,0.006179997474758597
p15,4,entrenamiento,139,0.0044124182591581485,0.004337477625316879
p15,5,entrenamiento,175,0.005555202844263856,0.013467090586104048
p15,6,entrenamiento,29358,0.9319408291537046,0.9197547113081455
p15,7,entrenamiento,380,0.012062726176115802,0.009394141647952244
p15,8,entrenamiento,15,0.00047616024379404484,0.0002619446563993407
p15,1,prueba,214,0.02746759080990887,0.02977475824837951
p15,2,prueba,78,0.010011551790527531,0.0076340534733775785
p15,3,prueba,44,0.005647542035682198,0.0030175923857397673
p15,4,prueba,39,0.0050057758952637655,0.003637186264394633
p15,5,prueba,43,0.005519188807598511,0.01588915697211052
p15,6,prueba,7269,0.9329996149403158,0.9292527586790977
p15,7,prueba,101,0.012963676036452317,0.009877819324529597
p15,8,prueba,3,0.0003850596842510589,0.000916674652370684
prov,1,entrenamiento,4080,0.12951558631198018,0.06448831318643022
prov,10,entrenamiento,1160,0.036823058853406136,0.027529496648048137
prov,11,entrenamiento,968,0.03072820773284236,0.0352744896070017
prov,12,entrenamiento,322,0.010221573233445495,0.03157586840707841
prov,13,entrenamiento,427,0.01355469494000381,0.06231239866381516
prov,14,entrenamiento,216,0.006856707510634245,0.004490746933795444
prov,15,entrenamiento,458,0.014538759443844836,0.0038452733383036505
prov,16,entrenamiento,639,0.02028442638562631,0.008293848837565116
prov,17,entrenamiento,6104,0.1937654752079233,0.30365463532732623
prov,18,entrenamiento,4075,0.12935686623071552,0.0494594012392291
prov,19,entrenamiento,447,0.014189575265062536,0.0049446544474884896
prov,2,entrenamiento,511,0.01622119230525046,0.01210610603412886
prov,20,entrenamiento,301,0.009554948892133833,0.0033304166222970595
prov,21,entrenamiento,521,0.016538632467779823,0.009191322033903025
prov,22,entrenamiento,339,0.010761221509745412,0.0035527176397708617
prov,23,entrenamiento,309,0.009808901022157323,0.01934765063001646
prov,24,entrenamiento,696,0.022093835312043678,0.011710241675006474
prov,3,entrenamiento,463,0.014697479525109516,0.014264751829672302
prov,4,entrenamiento,557,0.01768141705288553,0.010935800165131218
prov,5,entrenamiento,694,0.02203034727953781,0.03260702805760325
prov,6,entrenamiento,580,0.018411529426703068,0.0363220669717861
prov,7,entrenamiento,3229,0.10250142848073138,0.04497324777096803
prov,8,entrenamiento,1203,0.038188051552282394,0.025292088547227164
prov,9,entrenamiento,3203,0.10167608405815504,0.18049743538640747
prov,1,prueba,995,0.12771146194326788,0.05693776335944427
prov,10,prueba,314,0.0403029136182775,0.022183306502976497
prov,11,prueba,229,0.029392889231164163,0.026197531575404227
prov,12,prueba,66,0.008471313053523296,0.05920037230227389
prov,13,prueba,109,0.013990501861121806,0.08361431810587773
prov,14,prueba,65,0.00834295982543961,0.002014104592394815
prov,15,prueba,98,0.012578616352201259,0.004790523526879405
prov,16,prueba,182,0.02336028751123091,0.008021214554172514
prov,17,prueba,1418,0.1820048774226672,0.2716193607960858
prov,18,prueba,1104,0.14170196380438968,0.06497048646459229
prov,19,prueba,135,0.01732768579129765,0.0048288440802273305
prov,2,prueba,112,0.014375561545372867,0.008983559877565363
prov,20,prueba,85,0.010910024387113335,0.0034515205269060145
prov,21,prueba,104,0.013348735720703376,0.008125155731044812
prov,22,prueba,87,0.011166730843280709,0.002598295357571688
prov,23,prueba,100,0.01283532280836863,0.03670146509875245
prov,24,prueba,117,0.015017327685791297,0.010045737469204308
prov,3,prueba,146,0.0187395713002182,0.02348119336357432
prov,4,prueba,126,0.016172506738544475,0.008001816644517048
prov,5,prueba,173,0.02220510845847773,0.02899985645462971
prov,6,prueba,185,0.023745347195481967,0.05137133700885383
prov,7,prueba,812,0.10422282120395328,0.04564981290432512
prov,8,prueba,303,0.03889102810935695,0.019939125299781472
prov,9,prueba,726,0.09318444358875626,0.14827329840294526
area,1,entrenamiento,27938,0.8868643260745349,0.8537411282853516
area,2,entrenamiento,3564,0.11313567392546504,0.14625887171464838
area,1,prueba,6916,0.8876909254267745,0.8750822030683751
area,2,prueba,875,0.11230907457322552,0.12491779693162512
mes,01,entrenamiento,2650,0.08412164307028125,0.07931882185675482
mes,02,entrenamiento,2532,0.08037584915243477,0.0861281325201415
mes,03,entrenamiento,2588,0.0821535140625992,0.0790790012626941
mes,04,entrenamiento,2710,0.08602628404545744,0.07668776058825677
mes,05,entrenamiento,2548,0.08088375341248175,0.08297904404417374
mes,06,entrenamiento,2657,0.08434385118405181,0.08142847224348147
mes,07,entrenamiento,2651,0.08415338708653419,0.07935864420587194
mes,08,entrenamiento,2585,0.0820582820138404,0.08425224437511741
mes,09,entrenamiento,2661,0.08447082724906355,0.08859117692003723
mes,10,entrenamiento,2626,0.08335978668021078,0.08388783589775069
mes,11,entrenamiento,2597,0.08243921020887562,0.09008134752060826
mes,12,entrenamiento,2697,0.08561361183416925,0.08820751856511204
mes,01,prueba,606,0.0777820562187139,0.06812295413726986
mes,02,prueba,619,0.07945064818380182,0.08340514958230626
mes,03,prueba,664,0.08522654344756771,0.06760583281820157
mes,04,prueba,573,0.07354639969195226,0.07031765572590994
mes,05,prueba,685,0.08792196123732512,0.08970820691618887
mes,06,prueba,635,0.08150429983314081,0.094050594496559
mes,07,prueba,615,0.07893723527146708,0.08728270513056023
mes,08,prueba,714,0.09164420485175202,0.08777299523527549
mes,09,prueba,619,0.07945064818380182,0.0867732289610629
mes,10,prueba,682,0.08753690155307406,0.09982827449074715
mes,11,prueba,735,0.09433962264150944,0.0916850009995878
mes,12,prueba,644,0.08265947888589398,0.07344740150633099
