variable,codigo,entrenamiento,prueba,diferencia_pp_prueba_menos_entrenamiento
area,1,0.8868643260745349,0.8876909254267745,0.08265993522396098
area,2,0.113135673925465,0.1123090745732255,-0.08265993522394988
mes,01,0.0841216430702812,0.0777820562187139,-0.6339586851567297
mes,02,0.0803758491524347,0.0794506481838018,-0.09252009686328971
mes,03,0.0821535140625992,0.0852265434475677,0.30730293849684925
mes,04,0.0860262840454574,0.0735463996919522,-1.2479884353505195
mes,05,0.0808837534124817,0.0879219612373251,0.7038207824843392
mes,06,0.0843438511840518,0.0815042998331408,-0.28395513509110043
mes,07,0.0841533870865341,0.078937235271467,-0.5216151815067099
mes,08,0.0820582820138404,0.091644204851752,0.9585922837911598
mes,09,0.0844708272490635,0.0794506481838018,-0.5020179065261698
mes,10,0.0833597866802107,0.087536901553074,0.4177114872863305
mes,11,0.0824392102088756,0.0943396226415094,1.1900412432633802
mes,12,0.0856136118341692,0.0826594788858939,-0.29541329482753037
p02,1,0.4580661545298711,0.4645103324348607,0.6444177904989579
p02,2,0.5419338454701289,0.5354896675651393,-0.6444177904989634
p06,1,0.3457240810107295,0.344115004492363,-0.16090765183665034
p06,2,0.0455526633229636,0.03760749582852,-0.79451674944436
p06,3,0.0653609294647958,0.0747015787447054,0.9340649279909602
p06,4,0.0108881975747571,0.0123219098960338,0.14337123212767
p06,5,0.1211986540537108,0.1283532280836863,0.7154574029975491
p06,6,0.411275474573043,0.4029007829546913,-0.8374691618351693
p07,1,0.0367595708209002,0.0315748941085868,-0.5184676712313402
p07,2,0.9632404291790996,0.9684251058914132,0.5184676712313596
p10a,10,0.182909021649419,0.1830317032473366,0.012268159791761768
p10a,8,0.1601168179798108,0.1744320369657296,1.4315218985918783
p10a,9,0.65697416037077,0.6425362597869336,-1.4437900583836427
p15,1,0.0259983493111548,0.0274675908099088,0.14692414987539995
p15,2,0.0126658624849215,0.0100115517905275,-0.2654310694394001
p15,3,0.0068884515268871,0.0056475420356821,-0.12409094912050003
p15,4,0.0044124182591581,0.0050057758952637,0.05933576361055997
p15,5,0.0055552028442638,0.0055191888075985,-0.0036014036665300148
p15,6,0.9319408291537046,0.9329996149403158,0.10587857866112271
p15,7,0.0120627261761158,0.0129636760364523,0.09009498603364999
p15,8,0.000476160243794,0.000385059684251,-0.009110055954300002
prov,1,0.1295155863119801,0.1277114619432678,-0.1804124368712301
prov,10,0.0368230588534061,0.0403029136182775,0.34798547648713996
prov,11,0.0307282077328423,0.0293928892311641,-0.1335318501678201
prov,12,0.0102215732334454,0.0084713130535232,-0.17502601799222003
prov,13,0.0135546949400038,0.0139905018611218,0.0435806921118
prov,14,0.0068567075106342,0.0083429598254396,0.14862523148054008
prov,15,0.0145387594438448,0.0125786163522012,-0.19601430916436
prov,16,0.0202844263856263,0.0233602875112309,0.30758611256045987
prov,17,0.1937654752079233,0.1820048774226672,-1.1760597785256122
prov,18,0.1293568662307155,0.1417019638043896,1.2345097573674106
prov,19,0.0141895752650625,0.0173276857912976,0.31381105262351
prov,2,0.0162211923052504,0.0143755615453728,-0.1845630759877601
prov,20,0.0095549488921338,0.0109100243871133,0.13550754949795007
prov,21,0.0165386324677798,0.0133487357207033,-0.3189896747076499
prov,22,0.0107612215097454,0.0111667308432807,0.040550933353530015
prov,23,0.0098089010221573,0.0128353228083686,0.30264217862112985
prov,24,0.0220938353120436,0.0150173276857912,-0.7076507626252398
prov,3,0.0146974795251095,0.0187395713002182,0.40420917751087004
prov,4,0.0176814170528855,0.0161725067385444,-0.15089103143411003
prov,5,0.0220303472795378,0.0222051084584777,0.017476117893990006
prov,6,0.018411529426703,0.0237453471954819,0.5333817768778902
prov,7,0.1025014284807313,0.1042228212039532,0.17213927232219012
prov,8,0.0381880515522823,0.0388910281093569,0.07029765570746027
prov,9,0.101676084058155,0.0931844435887562,-0.8491640469398792
