modelo,candidato,pliegue,n_validacion,upm_validacion,roc_auc,pr_auc,brier,log_loss
logistica,C=0.1,1,6478,1057,0.7001807060593142,0.8476072687701681,0.1825118537760613,0.5454782468274462
logistica,C=0.1,2,6494,1045,0.6563585771801853,0.8105088061364296,0.19552754993210006,0.57596394016394
logistica,C=0.1,3,6451,1011,0.657737536681384,0.8051562056022462,0.19627930143285777,0.5785792879526287
logistica,C=0.1,4,6267,1013,0.6569925677504187,0.7840883461842219,0.2110533207015662,0.6092381954989995
logistica,C=0.1,5,5812,928,0.6805164567881046,0.8158296776582156,0.194235276143871,0.5731017417148724
logistica,C=1,1,6478,1057,0.701569383616856,0.8479785704202216,0.18213567005336714,0.544655407280181
logistica,C=1,2,6494,1045,0.6558550215121255,0.810206237376877,0.19571409331538703,0.5766051230362055
logistica,C=1,3,6451,1011,0.6588612973907589,0.8068727959247839,0.19617982175705148,0.578383973825457
logistica,C=1,4,6267,1013,0.6560196906588891,0.7840539197983336,0.2115705804702813,0.6105615046629789
logistica,C=1,5,5812,928,0.6809529998938124,0.8149806949880902,0.19427967822426484,0.5736258316423798
logistica,C=10,1,6478,1057,0.7013657601756375,0.8478912900596227,0.18211783544574353,0.5445917534111694
logistica,C=10,2,6494,1045,0.6557748095439981,0.8100953936375526,0.19576112400358917,0.5767502787265043
logistica,C=10,3,6451,1011,0.6591582193381673,0.8073406640606313,0.1961321940029186,0.5782235439074667
logistica,C=10,4,6267,1013,0.6556895030864957,0.7837134359921526,0.2116848426947979,0.6108825272579735
logistica,C=10,5,5812,928,0.6810434584785238,0.814848898744031,0.19430376188448045,0.573741036083406
boosting,B1,1,6478,1057,0.7058193188136146,0.8545944520596143,0.18242900156532987,0.5441222055441167
boosting,B1,2,6494,1045,0.6888854929998496,0.8357062071879444,0.19146501991872986,0.564837968903313
boosting,B1,3,6451,1011,0.6857708839700821,0.8267553136814305,0.1920762724364306,0.5694870435857665
boosting,B1,4,6267,1013,0.6733903361463027,0.7919664356977801,0.2083700957061802,0.6056157707382671
boosting,B1,5,5812,928,0.6950675860244481,0.8289883875692861,0.19141602056462803,0.5662617466943265
boosting,B2,1,6478,1057,0.6927020218429718,0.847819000536761,0.18818744499464446,0.5588395347739823
boosting,B2,2,6494,1045,0.6789699456402789,0.8296109120351676,0.19603188417132356,0.5774419690282376
boosting,B2,3,6451,1011,0.6770595409291071,0.8236131319756791,0.19636700627850737,0.5812576996968375
boosting,B2,4,6267,1013,0.6581333045034878,0.7824595287139664,0.21415896855888142,0.6219496184498131
boosting,B2,5,5812,928,0.6879988349629347,0.8230572209251755,0.19506770367417517,0.5772794242560609
boosting,B3,1,6478,1057,0.698735903984128,0.8462281854082605,0.18513519347092625,0.5514218104687002
boosting,B3,2,6494,1045,0.6824828651645345,0.8294907367059173,0.1949248546516177,0.5749194749807401
boosting,B3,3,6451,1011,0.6759510564565002,0.8226863213846646,0.19606651678734938,0.5799531819616552
boosting,B3,4,6267,1013,0.6649982570920107,0.7859536278903284,0.21213220499007165,0.6166824887586474
boosting,B3,5,5812,928,0.6896304881113596,0.825638962062006,0.193929792264871,0.5733734762182445
boosting,B4,1,6478,1057,0.6879615515080124,0.8425449824167125,0.19108870119123114,0.5686932052607522
boosting,B4,2,6494,1045,0.6716896242020203,0.8244480620044896,0.20051518328809148,0.5896201728895814
boosting,B4,3,6451,1011,0.6701049083318148,0.8151775976131321,0.20009338904947346,0.5966922238074132
boosting,B4,4,6267,1013,0.6544269070650903,0.7788591266525691,0.2172578267264267,0.6317393154022412
boosting,B4,5,5812,928,0.6795265872666477,0.8134436654435815,0.198168742494923,0.5889277136959039
