modelo,umbral,sensibilidad,especificidad,precision,exactitud,exactitud_balanceada,tasa_predicha_positiva
base,0.05,1.0,0.0,0.6954191392093634,0.6954191392093634,0.5,1.0
base,0.055,1.0,0.0,0.6954191392093634,0.6954191392093634,0.5,1.0
base,0.06,1.0,0.0,0.6954191392093634,0.6954191392093634,0.5,1.0
base,0.065,1.0,0.0,0.6954191392093634,0.6954191392093634,0.5,1.0
base,0.06999999999999999,1.0,0.0,0.6954191392093634,0.6954191392093634,0.5,1.0
base,0.07499999999999998,1.0,0.0,0.6954191392093634,0.6954191392093634,0.5,1.0
base,0.07999999999999999,1.0,0.0,0.6954191392093634,0.6954191392093634,0.5,1.0
base,0.08499999999999999,1.0,0.0,0.6954191392093634,0.6954191392093634,0.5,1.0
base,0.08999999999999998,1.0,0.0,0.6954191392093634,0.6954191392093634,0.5,1.0
base,0.09499999999999997,1.0,0.0,0.6954191392093634,0.6954191392093634,0.5,1.0
base,0.09999999999999998,1.0,0.0,0.6954191392093634,0.6954191392093634,0.5,1.0
base,0.10499999999999998,1.0,0.0,0.6954191392093634,0.6954191392093634,0.5,1.0
base,0.10999999999999997,1.0,0.0,0.6954191392093634,0.6954191392093634,0.5,1.0
base,0.11499999999999998,1.0,0.0,0.6954191392093634,0.6954191392093634,0.5,1.0
base,0.11999999999999997,1.0,0.0,0.6954191392093634,0.6954191392093634,0.5,1.0
base,0.12499999999999996,1.0,0.0,0.6954191392093634,0.6954191392093634,0.5,1.0
base,0.12999999999999995,1.0,0.0,0.6954191392093634,0.6954191392093634,0.5,1.0
base,0.13499999999999995,1.0,0.0,0.6954191392093634,0.6954191392093634,0.5,1.0
base,0.13999999999999996,1.0,0.0,0.6954191392093634,0.6954191392093634,0.5,1.0
base,0.14499999999999996,1.0,0.0,0.6954191392093634,0.6954191392093634,0.5,1.0
base,0.14999999999999997,1.0,0.0,0.6954191392093634,0.6954191392093634,0.5,1.0
base,0.15499999999999997,1.0,0.0,0.6954191392093634,0.6954191392093634,0.5,1.0
base,0.15999999999999995,1.0,0.0,0.6954191392093634,0.6954191392093634,0.5,1.0
base,0.16499999999999992,1.0,0.0,0.6954191392093634,0.6954191392093634,0.5,1.0
base,0.16999999999999993,1.0,0.0,0.6954191392093634,0.6954191392093634,0.5,1.0
base,0.17499999999999993,1.0,0.0,0.6954191392093634,0.6954191392093634,0.5,1.0
base,0.17999999999999994,1.0,0.0,0.6954191392093634,0.6954191392093634,0.5,1.0
base,0.18499999999999994,1.0,0.0,0.6954191392093634,0.6954191392093634,0.5,1.0
base,0.18999999999999995,1.0,0.0,0.6954191392093634,0.6954191392093634,0.5,1.0
base,0.19499999999999995,1.0,0.0,0.6954191392093634,0.6954191392093634,0.5,1.0
base,0.1999999999999999,1.0,0.0,0.6954191392093634,0.6954191392093634,0.5,1.0
base,0.2049999999999999,1.0,0.0,0.6954191392093634,0.6954191392093634,0.5,1.0
base,0.2099999999999999,1.0,0.0,0.6954191392093634,0.6954191392093634,0.5,1.0
base,0.2149999999999999,1.0,0.0,0.6954191392093634,0.6954191392093634,0.5,1.0
base,0.21999999999999992,1.0,0.0,0.6954191392093634,0.6954191392093634,0.5,1.0
base,0.22499999999999992,1.0,0.0,0.6954191392093634,0.6954191392093634,0.5,1.0
base,0.22999999999999993,1.0,0.0,0.6954191392093634,0.6954191392093634,0.5,1.0
base,0.23499999999999993,1.0,0.0,0.6954191392093634,0.6954191392093634,0.5,1.0
base,0.23999999999999988,1.0,0.0,0.6954191392093634,0.6954191392093634,0.5,1.0
base,0.24499999999999988,1.0,0.0,0.6954191392093634,0.6954191392093634,0.5,1.0
base,0.2499999999999999,1.0,0.0,0.6954191392093634,0.6954191392093634,0.5,1.0
base,0.2549999999999999,1.0,0.0,0.6954191392093634,0.6954191392093634,0.5,1.0
base,0.2599999999999999,1.0,0.0,0.6954191392093634,0.6954191392093634,0.5,1.0
base,0.2649999999999999,1.0,0.0,0.6954191392093634,0.6954191392093634,0.5,1.0
base,0.2699999999999999,1.0,0.0,0.6954191392093634,0.6954191392093634,0.5,1.0
base,0.2749999999999999,1.0,0.0,0.6954191392093634,0.6954191392093634,0.5,1.0
base,0.27999999999999986,1.0,0.0,0.6954191392093634,0.6954191392093634,0.5,1.0
base,0.28499999999999986,1.0,0.0,0.6954191392093634,0.6954191392093634,0.5,1.0
base,0.28999999999999987,1.0,0.0,0.6954191392093634,0.6954191392093634,0.5,1.0
base,0.2949999999999999,1.0,0.0,0.6954191392093634,0.6954191392093634,0.5,1.0
base,0.2999999999999999,1.0,0.0,0.6954191392093634,0.6954191392093634,0.5,1.0
base,0.3049999999999999,1.0,0.0,0.6954191392093634,0.6954191392093634,0.5,1.0
base,0.3099999999999999,1.0,0.0,0.6954191392093634,0.6954191392093634,0.5,1.0
base,0.31499999999999984,1.0,0.0,0.6954191392093634,0.6954191392093634,0.5,1.0
base,0.31999999999999984,1.0,0.0,0.6954191392093634,0.6954191392093634,0.5,1.0
base,0.32499999999999984,1.0,0.0,0.6954191392093634,0.6954191392093634,0.5,1.0
base,0.32999999999999985,1.0,0.0,0.6954191392093634,0.6954191392093634,0.5,1.0
base,0.33499999999999985,1.0,0.0,0.6954191392093634,0.6954191392093634,0.5,1.0
base,0.33999999999999986,1.0,0.0,0.6954191392093634,0.6954191392093634,0.5,1.0
base,0.34499999999999986,1.0,0.0,0.6954191392093634,0.6954191392093634,0.5,1.0
base,0.3499999999999998,1.0,0.0,0.6954191392093634,0.6954191392093634,0.5,1.0
base,0.3549999999999998,1.0,0.0,0.6954191392093634,0.6954191392093634,0.5,1.0
base,0.3599999999999998,1.0,0.0,0.6954191392093634,0.6954191392093634,0.5,1.0
base,0.3649999999999998,1.0,0.0,0.6954191392093634,0.6954191392093634,0.5,1.0
base,0.36999999999999983,1.0,0.0,0.6954191392093634,0.6954191392093634,0.5,1.0
base,0.37499999999999983,1.0,0.0,0.6954191392093634,0.6954191392093634,0.5,1.0
base,0.37999999999999984,1.0,0.0,0.6954191392093634,0.6954191392093634,0.5,1.0
base,0.38499999999999984,1.0,0.0,0.6954191392093634,0.6954191392093634,0.5,1.0
base,0.38999999999999985,1.0,0.0,0.6954191392093634,0.6954191392093634,0.5,1.0
base,0.3949999999999998,1.0,0.0,0.6954191392093634,0.6954191392093634,0.5,1.0
base,0.3999999999999998,1.0,0.0,0.6954191392093634,0.6954191392093634,0.5,1.0
base,0.4049999999999998,1.0,0.0,0.6954191392093634,0.6954191392093634,0.5,1.0
base,0.4099999999999998,1.0,0.0,0.6954191392093634,0.6954191392093634,0.5,1.0
base,0.4149999999999998,1.0,0.0,0.6954191392093634,0.6954191392093634,0.5,1.0
base,0.4199999999999998,1.0,0.0,0.6954191392093634,0.6954191392093634,0.5,1.0
base,0.4249999999999998,1.0,0.0,0.6954191392093634,0.6954191392093634,0.5,1.0
base,0.42999999999999977,1.0,0.0,0.6954191392093634,0.6954191392093634,0.5,1.0
base,0.4349999999999998,1.0,0.0,0.6954191392093634,0.6954191392093634,0.5,1.0
base,0.4399999999999998,1.0,0.0,0.6954191392093634,0.6954191392093634,0.5,1.0
base,0.4449999999999998,1.0,0.0,0.6954191392093634,0.6954191392093634,0.5,1.0
base,0.4499999999999998,1.0,0.0,0.6954191392093634,0.6954191392093634,0.5,1.0
base,0.4549999999999998,1.0,0.0,0.6954191392093634,0.6954191392093634,0.5,1.0
base,0.4599999999999998,1.0,0.0,0.6954191392093634,0.6954191392093634,0.5,1.0
base,0.4649999999999998,1.0,0.0,0.6954191392093634,0.6954191392093634,0.5,1.0
base,0.4699999999999998,1.0,0.0,0.6954191392093634,0.6954191392093634,0.5,1.0
base,0.47499999999999976,1.0,0.0,0.6954191392093634,0.6954191392093634,0.5,1.0
base,0.47999999999999976,1.0,0.0,0.6954191392093634,0.6954191392093634,0.5,1.0
base,0.48499999999999976,1.0,0.0,0.6954191392093634,0.6954191392093634,0.5,1.0
base,0.48999999999999977,1.0,0.0,0.6954191392093634,0.6954191392093634,0.5,1.0
base,0.4949999999999998,1.0,0.0,0.6954191392093634,0.6954191392093634,0.5,1.0
base,0.4999999999999998,1.0,0.0,0.6954191392093634,0.6954191392093634,0.5,1.0
base,0.5049999999999998,1.0,0.0,0.6954191392093634,0.6954191392093634,0.5,1.0
base,0.5099999999999998,1.0,0.0,0.6954191392093634,0.6954191392093634,0.5,1.0
base,0.5149999999999998,1.0,0.0,0.6954191392093634,0.6954191392093634,0.5,1.0
base,0.5199999999999998,1.0,0.0,0.6954191392093634,0.6954191392093634,0.5,1.0
base,0.5249999999999998,1.0,0.0,0.6954191392093634,0.6954191392093634,0.5,1.0
base,0.5299999999999998,1.0,0.0,0.6954191392093634,0.6954191392093634,0.5,1.0
base,0.5349999999999998,1.0,0.0,0.6954191392093634,0.6954191392093634,0.5,1.0
base,0.5399999999999998,1.0,0.0,0.6954191392093634,0.6954191392093634,0.5,1.0
base,0.5449999999999998,1.0,0.0,0.6954191392093634,0.6954191392093634,0.5,1.0
base,0.5499999999999998,1.0,0.0,0.6954191392093634,0.6954191392093634,0.5,1.0
base,0.5549999999999998,1.0,0.0,0.6954191392093634,0.6954191392093634,0.5,1.0
base,0.5599999999999998,1.0,0.0,0.6954191392093634,0.6954191392093634,0.5,1.0
base,0.5649999999999998,1.0,0.0,0.6954191392093634,0.6954191392093634,0.5,1.0
base,0.5699999999999998,1.0,0.0,0.6954191392093634,0.6954191392093634,0.5,1.0
base,0.5749999999999997,1.0,0.0,0.6954191392093634,0.6954191392093634,0.5,1.0
base,0.5799999999999997,1.0,0.0,0.6954191392093634,0.6954191392093634,0.5,1.0
base,0.5849999999999997,1.0,0.0,0.6954191392093634,0.6954191392093634,0.5,1.0
base,0.5899999999999997,1.0,0.0,0.6954191392093634,0.6954191392093634,0.5,1.0
base,0.5949999999999998,1.0,0.0,0.6954191392093634,0.6954191392093634,0.5,1.0
base,0.5999999999999998,1.0,0.0,0.6954191392093634,0.6954191392093634,0.5,1.0
base,0.6049999999999998,1.0,0.0,0.6954191392093634,0.6954191392093634,0.5,1.0
base,0.6099999999999998,1.0,0.0,0.6954191392093634,0.6954191392093634,0.5,1.0
base,0.6149999999999998,1.0,0.0,0.6954191392093634,0.6954191392093634,0.5,1.0
base,0.6199999999999998,1.0,0.0,0.6954191392093634,0.6954191392093634,0.5,1.0
base,0.6249999999999998,1.0,0.0,0.6954191392093634,0.6954191392093634,0.5,1.0
base,0.6299999999999998,1.0,0.0,0.6954191392093634,0.6954191392093634,0.5,1.0
base,0.6349999999999998,1.0,0.0,0.6954191392093634,0.6954191392093634,0.5,1.0
base,0.6399999999999998,1.0,0.0,0.6954191392093634,0.6954191392093634,0.5,1.0
base,0.6449999999999998,1.0,0.0,0.6954191392093634,0.6954191392093634,0.5,1.0
base,0.6499999999999997,1.0,0.0,0.6954191392093634,0.6954191392093634,0.5,1.0
base,0.6549999999999997,1.0,0.0,0.6954191392093634,0.6954191392093634,0.5,1.0
base,0.6599999999999997,1.0,0.0,0.6954191392093634,0.6954191392093634,0.5,1.0
base,0.6649999999999997,1.0,0.0,0.6954191392093634,0.6954191392093634,0.5,1.0
base,0.6699999999999997,1.0,0.0,0.6954191392093634,0.6954191392093634,0.5,1.0
base,0.6749999999999997,1.0,0.0,0.6954191392093634,0.6954191392093634,0.5,1.0
base,0.6799999999999997,1.0,0.0,0.6954191392093634,0.6954191392093634,0.5,1.0
base,0.6849999999999997,1.0,0.0,0.6954191392093634,0.6954191392093634,0.5,1.0
base,0.6899999999999997,0.7726681772263806,0.198998316016231,0.6877378723449699,0.5979393170893482,0.4858332466213058,0.7812980211037631
base,0.6949999999999997,0.3761129577100338,0.5865485532102953,0.6750087878616672,0.4402076125284936,0.48133075546016457,0.3874855468545417
base,0.6999999999999997,0.18408834322464623,0.7784176533169603,0.6547985829302032,0.3651096760856683,0.48125299827080326,0.1955082990724908
base,0.7049999999999997,0.18408834322464623,0.7784176533169603,0.6547985829302032,0.3651096760856683,0.48125299827080326,0.1955082990724908
base,0.7099999999999997,0.0,1.0,,0.30458086079063645,0.5,0.0
base,0.7149999999999997,0.0,1.0,,0.30458086079063645,0.5,0.0
base,0.7199999999999998,0.0,1.0,,0.30458086079063645,0.5,0.0
base,0.7249999999999998,0.0,1.0,,0.30458086079063645,0.5,0.0
base,0.7299999999999998,0.0,1.0,,0.30458086079063645,0.5,0.0
base,0.7349999999999997,0.0,1.0,,0.30458086079063645,0.5,0.0
base,0.7399999999999997,0.0,1.0,,0.30458086079063645,0.5,0.0
base,0.7449999999999997,0.0,1.0,,0.30458086079063645,0.5,0.0
base,0.7499999999999997,0.0,1.0,,0.30458086079063645,0.5,0.0
base,0.7549999999999997,0.0,1.0,,0.30458086079063645,0.5,0.0
base,0.7599999999999997,0.0,1.0,,0.30458086079063645,0.5,0.0
base,0.7649999999999997,0.0,1.0,,0.30458086079063645,0.5,0.0
base,0.7699999999999997,0.0,1.0,,0.30458086079063645,0.5,0.0
base,0.7749999999999997,0.0,1.0,,0.30458086079063645,0.5,0.0
base,0.7799999999999997,0.0,1.0,,0.30458086079063645,0.5,0.0
base,0.7849999999999997,0.0,1.0,,0.30458086079063645,0.5,0.0
base,0.7899999999999997,0.0,1.0,,0.30458086079063645,0.5,0.0
base,0.7949999999999997,0.0,1.0,,0.30458086079063645,0.5,0.0
base,0.7999999999999997,0.0,1.0,,0.30458086079063645,0.5,0.0
base,0.8049999999999997,0.0,1.0,,0.30458086079063645,0.5,0.0
base,0.8099999999999996,0.0,1.0,,0.30458086079063645,0.5,0.0
base,0.8149999999999996,0.0,1.0,,0.30458086079063645,0.5,0.0
base,0.8199999999999996,0.0,1.0,,0.30458086079063645,0.5,0.0
base,0.8249999999999996,0.0,1.0,,0.30458086079063645,0.5,0.0
base,0.8299999999999996,0.0,1.0,,0.30458086079063645,0.5,0.0
base,0.8349999999999996,0.0,1.0,,0.30458086079063645,0.5,0.0
base,0.8399999999999996,0.0,1.0,,0.30458086079063645,0.5,0.0
base,0.8449999999999996,0.0,1.0,,0.30458086079063645,0.5,0.0
base,0.8499999999999996,0.0,1.0,,0.30458086079063645,0.5,0.0
base,0.8549999999999996,0.0,1.0,,0.30458086079063645,0.5,0.0
base,0.8599999999999997,0.0,1.0,,0.30458086079063645,0.5,0.0
base,0.8649999999999997,0.0,1.0,,0.30458086079063645,0.5,0.0
base,0.8699999999999997,0.0,1.0,,0.30458086079063645,0.5,0.0
base,0.8749999999999997,0.0,1.0,,0.30458086079063645,0.5,0.0
base,0.8799999999999997,0.0,1.0,,0.30458086079063645,0.5,0.0
base,0.8849999999999997,0.0,1.0,,0.30458086079063645,0.5,0.0
base,0.8899999999999997,0.0,1.0,,0.30458086079063645,0.5,0.0
base,0.8949999999999996,0.0,1.0,,0.30458086079063645,0.5,0.0
base,0.8999999999999996,0.0,1.0,,0.30458086079063645,0.5,0.0
base,0.9049999999999996,0.0,1.0,,0.30458086079063645,0.5,0.0
base,0.9099999999999996,0.0,1.0,,0.30458086079063645,0.5,0.0
base,0.9149999999999996,0.0,1.0,,0.30458086079063645,0.5,0.0
base,0.9199999999999996,0.0,1.0,,0.30458086079063645,0.5,0.0
base,0.9249999999999996,0.0,1.0,,0.30458086079063645,0.5,0.0
base,0.9299999999999996,0.0,1.0,,0.30458086079063645,0.5,0.0
base,0.9349999999999996,0.0,1.0,,0.30458086079063645,0.5,0.0
base,0.9399999999999996,0.0,1.0,,0.30458086079063645,0.5,0.0
base,0.9449999999999996,0.0,1.0,,0.30458086079063645,0.5,0.0
base,0.9499999999999996,0.0,1.0,,0.30458086079063645,0.5,0.0
logistica,0.05,1.0,0.0,0.6954191392093634,0.6954191392093634,0.5,1.0
logistica,0.055,1.0,0.0,0.6954191392093634,0.6954191392093634,0.5,1.0
logistica,0.06,1.0,0.0,0.6954191392093634,0.6954191392093634,0.5,1.0
logistica,0.065,1.0,0.0,0.6954191392093634,0.6954191392093634,0.5,1.0
logistica,0.06999999999999999,1.0,0.0,0.6954191392093634,0.6954191392093634,0.5,1.0
logistica,0.07499999999999998,1.0,0.0,0.6954191392093634,0.6954191392093634,0.5,1.0
logistica,0.07999999999999999,1.0,0.0,0.6954191392093634,0.6954191392093634,0.5,1.0
logistica,0.08499999999999999,1.0,0.0,0.6954191392093634,0.6954191392093634,0.5,1.0
logistica,0.08999999999999998,1.0,0.0,0.6954191392093634,0.6954191392093634,0.5,1.0
logistica,0.09499999999999997,1.0,0.0,0.6954191392093634,0.6954191392093634,0.5,1.0
logistica,0.09999999999999998,1.0,0.0,0.6954191392093634,0.6954191392093634,0.5,1.0
logistica,0.10499999999999998,1.0,0.0,0.6954191392093634,0.6954191392093634,0.5,1.0
logistica,0.10999999999999997,1.0,0.0,0.6954191392093634,0.6954191392093634,0.5,1.0
logistica,0.11499999999999998,1.0,0.0,0.6954191392093634,0.6954191392093634,0.5,1.0
logistica,0.11999999999999997,1.0,0.0,0.6954191392093634,0.6954191392093634,0.5,1.0
logistica,0.12499999999999996,1.0,0.0,0.6954191392093634,0.6954191392093634,0.5,1.0
logistica,0.12999999999999995,1.0,0.0,0.6954191392093634,0.6954191392093634,0.5,1.0
logistica,0.13499999999999995,1.0,0.0,0.6954191392093634,0.6954191392093634,0.5,1.0
logistica,0.13999999999999996,1.0,0.0,0.6954191392093634,0.6954191392093634,0.5,1.0
logistica,0.14499999999999996,1.0,0.0,0.6954191392093634,0.6954191392093634,0.5,1.0
logistica,0.14999999999999997,1.0,0.0,0.6954191392093634,0.6954191392093634,0.5,1.0
logistica,0.15499999999999997,1.0,0.0,0.6954191392093634,0.6954191392093634,0.5,1.0
logistica,0.15999999999999995,1.0,0.0,0.6954191392093634,0.6954191392093634,0.5,1.0
logistica,0.16499999999999992,1.0,0.0,0.6954191392093634,0.6954191392093634,0.5,1.0
logistica,0.16999999999999993,1.0,0.0,0.6954191392093634,0.6954191392093634,0.5,1.0
logistica,0.17499999999999993,1.0,0.0,0.6954191392093634,0.6954191392093634,0.5,1.0
logistica,0.17999999999999994,1.0,8.714488607977333e-05,0.6954375979761487,0.6954456818737792,0.5000435724430399,0.9999734573355844
logistica,0.18499999999999994,1.0,8.714488607977333e-05,0.6954375979761487,0.6954456818737792,0.5000435724430399,0.9999734573355844
logistica,0.18999999999999995,1.0,8.714488607977333e-05,0.6954375979761487,0.6954456818737792,0.5000435724430399,0.9999734573355844
logistica,0.19499999999999995,1.0,8.714488607977333e-05,0.6954375979761487,0.6954456818737792,0.5000435724430399,0.9999734573355844
logistica,0.1999999999999999,1.0,8.714488607977333e-05,0.6954375979761487,0.6954456818737792,0.5000435724430399,0.9999734573355844
logistica,0.2049999999999999,1.0,0.00013081029100931767,0.6954468474189672,0.6954589815203994,0.5000654051455047,0.9999601576889643
logistica,0.2099999999999999,1.0,0.0002618533032614775,0.6954746071375284,0.6954988947138717,0.5001309266516307,0.9999202444954917
logistica,0.2149999999999999,0.9997920886382032,0.0002618533032614775,0.6954305672891352,0.6953543091736193,0.5000269709707323,0.9997756589552391
logistica,0.21999999999999992,0.9997794705907729,0.00029066283403672083,0.6954339978596256,0.6953543091736192,0.5000350667124048,0.999758109291874
logistica,0.22499999999999992,0.9997794705907729,0.00029066283403672083,0.6954339978596256,0.6953543091736192,0.5000350667124048,0.999758109291874
logistica,0.22999999999999993,0.9997794705907729,0.00029066283403672083,0.6954339978596256,0.6953543091736192,0.5000350667124048,0.999758109291874
logistica,0.23499999999999993,0.9997794705907729,0.0003778077201164942,0.6954524614871078,0.6953808518380349,0.5000786391554447,0.9997315666274585
logistica,0.23999999999999988,0.9988770700817123,0.0005403642640585187,0.6952956284074121,0.6948028168648829,0.49970871717288545,0.9990545084301445
logistica,0.24499999999999988,0.9988315586443004,0.001388706709736406,0.6954658516281629,0.6950295562126036,0.5001101326770184,0.9987644700331656
logistica,0.2499999999999999,0.9988315586443004,0.001558426114152531,0.6955018488772501,0.6950812494948936,0.5001949923792265,0.9987127767508757
logistica,0.2549999999999999,0.9988315586443004,0.0026302328374744003,0.6957292636913426,0.6954077013092841,0.5007308957408874,0.9983863249364853
logistica,0.2599999999999999,0.9988315586443004,0.003097466899590729,0.6958284474727722,0.6955500118621142,0.5009645127719455,0.9982440143836551
logistica,0.2649999999999999,0.998718607679983,0.0032239438946036337,0.695831365823985,0.6955099860717469,0.5009712757872933,0.9981269436492652
logistica,0.2699999999999999,0.9986510251388585,0.0035715967555212487,0.6958908714783111,0.6955688762868072,0.5011113109471899,0.9979740570490562
logistica,0.2749999999999999,0.9985181738796882,0.007956532105951078,0.6967953086383273,0.6968120563620575,0.5032373529928197,0.9965461023572161
logistica,0.27999999999999986,0.9985181738796882,0.008427907529109172,0.6968957100782206,0.6969556282941985,0.5034730407043987,0.9964025304250751
logistica,0.28499999999999986,0.9984931463084478,0.009384846446331222,0.6970943314386506,0.6972296889212812,0.5039389963773895,0.9960936604938946
logistica,0.28999999999999987,0.9984808612002237,0.009797278852658357,0.6971796566865647,0.6973467646392322,0.5041390700264411,0.9959594981771714
logistica,0.2949999999999999,0.9983388039318697,0.014652964725272421,0.698186491045026,0.6987269242787648,0.5064958843285711,0.9943817598510848
logistica,0.2999999999999999,0.9975079829567706,0.01571984200453267,0.6982393331748911,0.6984741058714993,0.5066139124806516,0.993479040643669
logistica,0.3049999999999999,0.99599330150218,0.015930708828597644,0.6979642207203122,0.6974849933969576,0.5059620051653888,0.9923614761715555
logistica,0.3099999999999999,0.9940904283583986,0.016309563150361667,0.6976421543302436,0.6962770907687214,0.5051999957543801,0.9909227899924451
logistica,0.31499999999999984,0.9939377189331623,0.01744026674947381,0.6978523085768127,0.696515284387191,0.5056889928413181,0.9904722022598813
logistica,0.31999999999999984,0.9938083993012934,0.019156991823706428,0.6981934899476282,0.6969482346409646,0.5064826955624999,0.9898593893119536
logistica,0.32499999999999984,0.9936840370399401,0.02002961107677131,0.6983546475984841,0.6971275338674652,0.5068568240583557,0.9895071222919726
logistica,0.32999999999999985,0.9932474058330404,0.020172714721104667,0.6982928242462298,0.6968674788005845,0.5067100602770725,0.9891598939627451
logistica,0.33499999999999985,0.9930158423188756,0.022125457567505658,0.6986638640612595,0.697301213197951,0.5075706499431907,0.9884040921659923
logistica,0.33999999999999986,0.9927707317080092,0.0242825972498785,0.6990766668867802,0.6977877820492341,0.5085266644789439,0.9875766140946698
logistica,0.34499999999999986,0.9925955990608025,0.026560263504238502,0.6995310051349455,0.698359725002813,0.5095779312825205,0.9867610899515554
logistica,0.3499999999999998,0.9924232143165393,0.029800397446967112,0.7001948636200565,0.6992267281376979,0.5111118058817532,0.9856543275157337
logistica,0.3549999999999998,0.9921400412672892,0.030548023686609437,0.7002967732663431,0.6992575168231608,0.5113440324769493,0.9852296909139568
logistica,0.3599999999999998,0.9914869456001727,0.03205307195247426,0.7004846237961625,0.699261750492862,0.5117700087763235,0.9843171067909606
logistica,0.3649999999999998,0.9910909885588136,0.03334190455235331,0.7006803281936493,0.6993789481306824,0.5122164465555834,0.9836491969434089
logistica,0.36999999999999983,0.9906778868772027,0.03713506179437652,0.7014169593364137,0.7002469924127404,0.5139064743357896,0.9822065950296874
logistica,0.37499999999999983,0.9898770378664918,0.04137882327905301,0.702172134064953,0.7009826352090681,0.5156279305727725,0.9803571007740294
logistica,0.37999999999999984,0.9891326929694617,0.04458498376412871,0.7027151422739395,0.7014415386418776,0.5168588383667952,0.9788629339660843
logistica,0.38499999999999984,0.9885340490395963,0.05064178698099627,0.7039158333327419,0.7028700165329107,0.5195879180102962,0.9766018391822514
logistica,0.38999999999999985,0.9879052225641167,0.05259257204957674,0.704211834461541,0.7030268903620264,0.5202488973068468,0.9755703694205556
logistica,0.3949999999999998,0.9863991070256759,0.054961333815388,0.704415439945068,0.7027009882883728,0.520680220420532,0.9738015083516245
logistica,0.3999999999999998,0.9858092327584541,0.05836769124086955,0.7050423591497353,0.7033282897100332,0.5220884619996619,0.9723537872196575
logistica,0.4049999999999998,0.9843833705545492,0.06242112006304428,0.7056381275404524,0.7035713146833741,0.5234022453087968,0.9701276185133751
logistica,0.4099999999999998,0.982974068154082,0.06596337453096489,0.7061265473950263,0.7036701617361345,0.5244687213425234,0.9680686597361783
logistica,0.4149999999999998,0.9821125468978926,0.06924406532282572,0.7066744398807118,0.7040702789911176,0.5256783061103592,0.9664703057404154
logistica,0.4199999999999998,0.9807589585552912,0.07471178222378855,0.7076089684021869,0.7047943296713166,0.5277353703895399,0.9638636325801048
logistica,0.4249999999999998,0.9795870585867898,0.07820047737894835,0.7081428748493088,0.7050419577773764,0.5288937679828691,0.9619860811393752
logistica,0.42999999999999977,0.9782425174297549,0.0822832748228203,0.708776036413389,0.705350480083208,0.5302628961262876,0.9598075195254301
logistica,0.4349999999999998,0.9773334274295209,0.08703971650318389,0.7096559403675778,0.706167002599087,0.5321865719663524,0.9577265998386981
logistica,0.4399999999999998,0.9757099067272778,0.0918767620057354,0.7104073708034027,0.7065112467126954,0.5337933343665066,0.9551243009866052
logistica,0.4449999999999998,0.974275958229808,0.0952286672195056,0.710865339811384,0.7065349776582128,0.5347523127246567,0.953106179581525
logistica,0.4499999999999998,0.9725959689472312,0.09861908206234313,0.7112820836692282,0.7063993364287113,0.5356075255047872,0.950905227409486
logistica,0.4549999999999998,0.9710391769207771,0.10319200565357897,0.7119970747388971,0.7067095384614949,0.537115591287178,0.9484297794347728
logistica,0.4599999999999998,0.9687187692122536,0.1083960722564116,0.7126993578404396,0.7066809416157213,0.5385574207343327,0.9452310644179939
logistica,0.4649999999999998,0.9665165081043423,0.11384966732247327,0.7134889619937985,0.7068105077713682,0.5401830877134078,0.9420385092143916
logistica,0.4699999999999998,0.961954364782532,0.11948567389394299,0.7138259454454939,0.7053545257225249,0.5407200193382375,0.9371492876996285
logistica,0.47499999999999976,0.9596250096192472,0.12930989326636416,0.7156193241879992,0.7067269167530087,0.5444674514428057,0.9325371403440161
logistica,0.47999999999999976,0.9580379574914416,0.1351784205086619,0.7166576397825436,0.7074106914074422,0.5466081890000518,0.9296460328403849
logistica,0.48499999999999976,0.9556279797387565,0.14034653729709384,0.717362771790332,0.707308856213243,0.5479872585179252,0.9263959787260115
logistica,0.48999999999999977,0.9531517407211564,0.1461573462957592,0.7182110987773227,0.7073566934138504,0.5496545435084578,0.922904093513212
logistica,0.4949999999999998,0.9502287293052301,0.15151491855975144,0.71886293050417,0.7069557893030028,0.5508718239324908,0.9192395614585348
logistica,0.4999999999999998,0.9479572599087032,0.1563991676298207,0.7195454712334806,0.7068638147966071,0.5521782137692619,0.916172289379984
logistica,0.5049999999999998,0.9453114619679568,0.16216378898805778,0.7203644206622898,0.7067796696055553,0.5537376254780073,0.9125765575180842
logistica,0.5099999999999998,0.9426910064300844,0.17038202318355308,0.7217886657715112,0.7074604715165146,0.5565365148068188,0.9082511257381575
logistica,0.5149999999999998,0.9391782703041766,0.17893876461300456,0.723118953352238,0.7076238672537114,0.5590585174585906,0.9032020821350638
logistica,0.5199999999999998,0.9350990931738503,0.18682581799230294,0.7241787633975246,0.707189374912426,0.5609624555830767,0.8979630987790416
logistica,0.5249999999999998,0.931229827297135,0.19589977290635896,0.7255897101090625,0.7072623663655669,0.563564800101747,0.8925085842351853
logistica,0.5299999999999998,0.9263330098162454,0.20909519209130806,0.727828747872691,0.7078760979019864,0.5677141009537767,0.8850841715039145
logistica,0.5349999999999998,0.9200047974576965,0.21801924554946794,0.7287177897891329,0.7061934337948982,0.5690120215035822,0.8779653156287703
logistica,0.5399999999999998,0.9146482341613973,0.23389733024400958,0.7316090284509532,0.7073045378622355,0.5742727822027034,0.8694040982881676
logistica,0.5449999999999998,0.9091557003184703,0.24914879059646738,0.7343657805198908,0.7081302276275747,0.5791522454574688,0.860939182208575
logistica,0.5499999999999998,0.9024978473711268,0.257644489869503,0.7351510236784182,0.7060878566595501,0.5800711686203149,0.8537215564453512
logistica,0.5549999999999998,0.8963761794121592,0.2735673309864906,0.7380373516051204,0.7066805242506439,0.5849717551993249,0.8446146387291559
logistica,0.5599999999999998,0.8893420132781036,0.2837127821625865,0.739231633843812,0.704878940744968,0.586527397720345,0.8366328347188308
logistica,0.5649999999999998,0.8836447192217965,0.29406801176820896,0.740796850930515,0.7040709381634735,0.5888563654950028,0.8295168226434059
logistica,0.5699999999999998,0.8763050097438754,0.30516640724275756,0.7422354558600768,0.7023471225633238,0.5907357084933165,0.8210322893491901
logistica,0.5749999999999997,0.8688632670804287,0.31733651184226536,0.7439806242159827,0.7008787732209222,0.5930998894613471,0.8121503781371283
logistica,0.5799999999999997,0.8613200737306607,0.3274558157741277,0.7451625531715343,0.6987152384969055,0.5943879447523942,0.8038225508087743
logistica,0.5849999999999997,0.8543127798028037,0.3376913062222726,0.7465211884874675,0.6969597666767183,0.5960020430125381,0.7958320100059665
logistica,0.5899999999999997,0.8453477873472138,0.3525536424918647,0.7488127580182488,0.695252122514586,0.5989507149195392,0.7850707994951296
logistica,0.5949999999999998,0.8364767217499984,0.3643090281017901,0.7502721489905779,0.6926634791810976,0.6003928749258942,0.7753212252256472
logistica,0.5999999999999998,0.8255049166361783,0.3774389259845331,0.7517059738609696,0.689032591512491,0.6014719213103557,0.7636921063586026
logistica,0.6049999999999998,0.8148025038464191,0.3912267992269922,0.7534463334822602,0.6857894511234336,0.6030146515367056,0.7520499213682245
logistica,0.6099999999999998,0.80139074437307,0.40543631784749046,0.7547482390502835,0.680790604308046,0.6034135311102802,0.7383951797271331
logistica,0.6149999999999998,0.790612904552791,0.41719827403520315,0.7559384619290652,0.6768779549579266,0.6039055892939971,0.7273175968965431
logistica,0.6199999999999998,0.7809446305643378,0.4303595458640149,0.7578773243422177,0.6741631236859553,0.6056520882141764,0.7165854226191335
logistica,0.6249999999999998,0.7705026911325787,0.44372474753342867,0.7597588837263378,0.6709723837837555,0.6071137193330037,0.7052531134587129
logistica,0.6299999999999998,0.7550938232431944,0.45664818700503773,0.76036162599113,0.6641929944585676,0.6058710051241161,0.6906012594962482
logistica,0.6349999999999998,0.7424761907810059,0.4715259390420285,0.7623442844531567,0.6599499298749085,0.6070010649115172,0.6772952378684766
logistica,0.6399999999999998,0.7303379034797081,0.48830764679020844,0.7651925839596786,0.6566201195598416,0.6093227751349582,0.6637426535704545
logistica,0.6449999999999998,0.717664392400102,0.5043775677329952,0.7677706804081315,0.6527013077476931,0.6110209800665487,0.6500346610511232
logistica,0.6499999999999997,0.7058317962960159,0.5193975666063386,0.7702838577776381,0.6490474981362946,0.6126146814511773,0.6372312430678899
logistica,0.6549999999999997,0.6930740934604351,0.531279082621611,0.7714836143015923,0.6437944297875158,0.612176588041023,0.6247404099682522
logistica,0.6599999999999997,0.684059879323919,0.547837569132348,0.7754912675291217,0.6425691708268811,0.6159487242281335,0.6134283548579569
logistica,0.6649999999999997,0.6711528920757647,0.5636386199566409,0.77835476476431,0.6384061025264431,0.6173957560162028,0.5996398912345995
logistica,0.6699999999999997,0.6573588562906286,0.5724024356842086,0.7782721822265607,0.6314827565726338,0.6148806459874185,0.5873779642045639
logistica,0.6749999999999997,0.6416905845734863,0.5886515397188096,0.7807844588348251,0.6255359066361356,0.6151710621461479,0.571532782080195
logistica,0.6799999999999997,0.626082013886171,0.6038300377669817,0.7829967467206029,0.6193044878454955,0.6149560258265764,0.5560552032875125
logistica,0.6849999999999997,0.6158518359169148,0.6213581046813176,0.7878465751928075,0.6175289399969212,0.6186049702991162,0.5436022280214093
logistica,0.6899999999999997,0.604928803264584,0.6346547929559083,0.7908151980264653,0.613982770792621,0.6197917981102461,0.53195622529643
logistica,0.6949999999999997,0.5893370440868491,0.6528193188966066,0.7949020205529529,0.6086725299933528,0.6210781814917279,0.5155808506034182
logistica,0.6999999999999997,0.5765450941321387,0.6640583569734091,0.7966836009807328,0.6031999590589301,0.6203017255527739,0.5032618878852132
logistica,0.7049999999999997,0.5615405656979964,0.6766247419829495,0.7985809402225402,0.5965930031742487,0.619082653840473,0.488999971274067
logistica,0.7099999999999997,0.548704770676342,0.6914628520966135,0.8023895310438038,0.5921861500001481,0.6200838113864777,0.4755543093981143
logistica,0.7149999999999997,0.5335426158700513,0.7006543087753639,0.8027415519485065,0.5844416391433319,0.6170984623227076,0.4622107149670308
logistica,0.7199999999999998,0.5204515508064209,0.7111318282234267,0.804443989892726,0.5785291138378899,0.6157916895149238,0.44991568587670566
logistica,0.7249999999999998,0.5097986607116927,0.7250678105379705,0.8089295339773276,0.5753655236674489,0.6174332356248315,0.4382628287276109
logistica,0.7299999999999998,0.4952218043583505,0.7387370798714517,0.8123048553895891,0.5693918965897998,0.6169794421149011,0.4239624060100205
logistica,0.7349999999999997,0.482759460442381,0.7500211644758517,0.8151338674423605,0.5641622603132677,0.6163903124591164,0.4118589373294033
logistica,0.7399999999999997,0.4681647061936754,0.7600735465357017,0.816687754060902,0.5570745520574463,0.6141191263646886,0.3986477027120109
logistica,0.7449999999999997,0.45271464575553316,0.7685880845813963,0.8170729343807035,0.548923649654013,0.6106513651684647,0.38531006965419307
logistica,0.7499999999999997,0.4408996288372071,0.778583653830965,0.819705061789322,0.5437517198450527,0.609741641334086,0.37404922167298066
logistica,0.7549999999999997,0.42445545449723066,0.7875487060522807,0.8201954803811794,0.5350467096031389,0.6060020802747557,0.35988304478586414
logistica,0.7599999999999997,0.410772300641752,0.7943047282066156,0.8201289494049049,0.5275889375705806,0.6025385144241838,0.34830976266672997
logistica,0.7649999999999997,0.39668823255305324,0.8091942062588241,0.8259903993972163,0.5223296571056365,0.6029412194059387,0.3339803821180561
logistica,0.7699999999999997,0.38083817239243406,0.8241749457431498,0.8318034847041207,0.5158700684397384,0.6025065590677919,0.3183951003973255
logistica,0.7749999999999997,0.3647757504275912,0.8368158012584602,0.8361670774844793,0.508550115437313,0.6007957758430257,0.3033748220869335
logistica,0.7799999999999997,0.3494495425828064,0.8458711026093636,0.8380985759964032,0.5006500486507258,0.597660322596085,0.28995861233999276
logistica,0.7849999999999997,0.3331720500213675,0.8531743363837075,0.8382129525105296,0.49155479401470803,0.5931731932025375,0.27641450724488514
logistica,0.7899999999999997,0.3213516543288415,0.8603303890745531,0.8400814791695147,0.48551426130553843,0.5908410217016973,0.2660147811588338
logistica,0.7949999999999997,0.3072313500310205,0.8712428450514068,0.844913479593246,0.4790184566801434,0.5892370975412137,0.25287152606389873
logistica,0.7999999999999997,0.2943210240572056,0.8797840213288207,0.8482523564168483,0.47264184772726014,0.5870525226930132,0.24129195946553686
logistica,0.8049999999999997,0.2800974245471701,0.8886870999596148,0.8517471526860527,0.4654621917525866,0.5843922622533925,0.22868888878475527
logistica,0.8099999999999996,0.26632332970643513,0.8979694784867871,0.8563152877161574,0.4587106574170451,0.5821464040966111,0.21628288476523255
logistica,0.8149999999999996,0.2543812268802445,0.9072513100372565,0.8622991406883767,0.45323295879266157,0.5808162684587505,0.20515104965413766
logistica,0.8199999999999996,0.23858422537237042,0.9126962676552308,0.8618697785519783,0.44390585148021794,0.5756402465138006,0.19250708258519172
logistica,0.8249999999999996,0.22699228565839868,0.9190731474939529,0.8649408717954095,0.43778687029299734,0.5730327165761757,0.18250355029709833
logistica,0.8299999999999996,0.21477181648987512,0.9249078673006947,0.8672015079324805,0.43106566612429775,0.5698398418952849,0.17222805816597947
logistica,0.8349999999999996,0.20259866283013325,0.9360069495137383,0.8784710703334578,0.4259807900992115,0.5693028061719357,0.16038204611202356
logistica,0.8399999999999996,0.19288387157878303,0.9406345129923523,0.8812115364616435,0.4206344055972785,0.5667591922855677,0.15221672707473138
logistica,0.8449999999999996,0.17982031946039853,0.9448320058787575,0.8815460847018511,0.41282823742459873,0.562326162669578,0.1418536069090439
logistica,0.8499999999999996,0.16722336589030248,0.9504274521270177,0.8850830069946688,0.40577234065102513,0.5588254090086601,0.13138917846586456
logistica,0.8549999999999996,0.15747502293118648,0.9547505494257451,0.8882167894778985,0.400309889078207,0.5561127861784658,0.12329326149999041
logistica,0.8599999999999997,0.1492038900698865,0.9598123639504101,0.8944791009462296,0.39609971680860057,0.5545081270101483,0.11599962558021389
logistica,0.8649999999999997,0.1400716646339457,0.9630677824894855,0.8964741432632639,0.3907405306377381,0.5515697235617156,0.10865736304762065
logistica,0.8699999999999997,0.13329461780496887,0.9668884126471727,0.901877030213819,0.3871913333877405,0.5500915152260708,0.102780784153241
logistica,0.8749999999999997,0.12457782208481794,0.9694604314583578,0.9030415091413542,0.3819128945148498,0.5470191267715878,0.0959355698733893
logistica,0.8799999999999997,0.11900603683759754,0.9700847329015801,0.9008212798194859,0.3782283186853378,0.5445453848695888,0.0918706935019384
logistica,0.8849999999999997,0.11126928188309583,0.9715599324192942,0.8993236787624519,0.3732973487535478,0.541414607151195,0.08604108849226177
logistica,0.8899999999999997,0.10447003874123036,0.9750429832669419,0.9052803709004774,0.3696298955659106,0.5397565110040862,0.08025189405391643
logistica,0.8949999999999996,0.09746296985439691,0.9768791779004921,0.9058783597720436,0.365316315494314,0.5371710738774444,0.07481977449818814
logistica,0.8999999999999996,0.09097370585615035,0.9785713224406676,0.9064821114984335,0.3613189519511799,0.534772514148409,0.06979162127379636
logistica,0.9049999999999996,0.08351671420093534,0.9803476621983238,0.9065677013029139,0.3566742563256625,0.5319321881996296,0.06406484746339176
logistica,0.9099999999999996,0.07653188462871174,0.9831337806184677,0.9119734829990069,0.3526654705036947,0.5298328326235897,0.05835886494807984
logistica,0.9149999999999996,0.06912709820072613,0.9847888380354984,0.9120956403581314,0.34802013911265284,0.5269579681181122,0.05270533593156378
logistica,0.9199999999999996,0.06015880366580184,0.9864403485751434,0.9101499629441149,0.3422864339487697,0.5232995761204726,0.04596559376414084
logistica,0.9249999999999996,0.04967675509445385,0.9877794372099777,0.9027354756519187,0.33540487752320486,0.5187280961522158,0.0382683158004305
logistica,0.9299999999999996,0.039482124717052695,0.9908679627269256,0.9080151653453321,0.3292560422021208,0.5151750437219891,0.030238068958294704
logistica,0.9349999999999996,0.032767341068335974,0.9924589698619701,0.9084331222148135,0.32507104345986904,0.5126131554651531,0.025083889570611084
logistica,0.9399999999999996,0.022845899467417177,0.9941746126962853,0.8995400373839805,0.3186940350533271,0.5085102560818512,0.017661777221499184
logistica,0.9449999999999996,0.01346709517724982,0.9951655736982102,0.864134732969255,0.31247366280202205,0.50431633443773,0.010837749460241691
logistica,0.9499999999999996,0.008308177323652535,0.9975443643601066,0.8853838684744892,0.3096105866964628,0.5029262708418796,0.006525605139800074
boosting,0.05,1.0,0.0002519622317919008,0.6954725117683193,0.6954958820828094,0.5001259811158959,0.9999232571265543
boosting,0.055,1.0,0.0002519622317919008,0.6954725117683193,0.6954958820828094,0.5001259811158959,0.9999232571265543
boosting,0.06,1.0,0.0002519622317919008,0.6954725117683193,0.6954958820828094,0.5001259811158959,0.9999232571265543
boosting,0.065,1.0,0.0002519622317919008,0.6954725117683193,0.6954958820828094,0.5001259811158959,0.9999232571265543
boosting,0.06999999999999999,1.0,0.0002720863981151013,0.6954767749758033,0.6955020115187108,0.5001360431990576,0.9999171276906524
boosting,0.07499999999999998,1.0,0.0004538287351971144,0.6955152785800961,0.6955573667561813,0.5002269143675986,0.9998617724531819
boosting,0.07999999999999999,0.9998871139514763,0.0004885101888215891,0.6954987187573319,0.6954894269444868,0.500187812070149,0.9997727060274908
boosting,0.08499999999999999,0.9998104768785226,0.0006884307095368933,0.695524849602192,0.6954970240214708,0.5002494537940297,0.9996585191758965
boosting,0.08999999999999998,0.9998104768785226,0.0008640725251045328,0.6955620728916079,0.6955505211568472,0.5003372747018136,0.99960502204052
boosting,0.09499999999999997,0.9998020572971865,0.0011607307277078645,0.6956231688675651,0.6956350224295517,0.5004813940124472,0.9995088104918053
boosting,0.09999999999999998,0.9998020572971865,0.003577555015662012,0.6961358591257615,0.6963711408515564,0.5016898061564242,0.9987726920698006
boosting,0.10499999999999998,0.9998020572971865,0.0038314148119004735,0.6961897552462717,0.6964484616868148,0.5018167360545435,0.998695371234542
boosting,0.10999999999999997,0.9997982029412082,0.0042148375890669445,0.6962703589975686,0.6965625645334145,0.5020065202651376,0.9985759076021095
boosting,0.11499999999999998,0.9995947233314901,0.0049272783533319394,0.6963786609719452,0.6966380567396195,0.502261000842411,0.9982174081658303
boosting,0.11999999999999997,0.9986845852783784,0.0054209217615526625,0.6962909692447695,0.6961554836523626,0.5020527535199656,0.9974341264101744
boosting,0.12499999999999996,0.9985905605972262,0.005643745471289761,0.6963184406662557,0.6961579649268473,0.502117153034258,0.9973008720100265
boosting,0.12999999999999995,0.9983282125271301,0.0059824999734107,0.6963349304930038,0.6960787011956208,0.5021553562502704,0.9970152520030944
boosting,0.13499999999999995,0.998050485608645,0.006306530991062945,0.6963450386028455,0.6959842582273118,0.502178508299854,0.9967234217422267
boosting,0.13999999999999996,0.997994208432786,0.007237935385400995,0.6965313700738519,0.6962288099542905,0.5026160719090935,0.9964005975648619
boosting,0.14499999999999996,0.9979497515802956,0.008095200236131085,0.6967045306794831,0.6964590002743606,0.5030224759082134,0.9961085749526105
boosting,0.14999999999999997,0.9976902486458233,0.008798567017111932,0.6967994603023331,0.6964927690266504,0.5032444078314676,0.9957138795856945
boosting,0.15499999999999997,0.9966804309959919,0.009065717186636821,0.6966424404850912,0.6958718913344406,0.5028730740913143,0.9949302642362966
boosting,0.15999999999999995,0.9966754651068699,0.01019506441601654,0.6968823217152683,0.6962124155113577,0.5034352647614432,0.9945828333107016
boosting,0.16499999999999992,0.9964389979898505,0.012091921037139795,0.6972372833691407,0.696625717974847,0.5042654595134951,0.9938406433292746
boosting,0.16999999999999993,0.9959908733344532,0.012465807556082589,0.697222233430838,0.6964279621905097,0.5042283404452679,0.9934151301893821
boosting,0.17499999999999993,0.9957032722474529,0.013555694025636247,0.6973943506958064,0.696559917449213,0.5046294831365445,0.9928831683299639
boosting,0.17999999999999994,0.9955596931475005,0.014923712417456146,0.6976567238701542,0.6968767420144737,0.5052417027824783,0.9923666484565087
boosting,0.18499999999999994,0.9952337153483652,0.016137821576025658,0.6978477469572401,0.6970198452266085,0.5056857684621955,0.9917701628434218
boosting,0.18999999999999995,0.9937942008071853,0.016876669582201704,0.6977009272346599,0.6962438182252162,0.5053354351946935,0.9905440579186003
boosting,0.19499999999999995,0.9935425846882892,0.018728600299355552,0.698045087085789,0.6966329022123576,0.5061355924938223,0.9898050166018312
boosting,0.1999999999999999,0.9932562395219614,0.02133678776485146,0.6985450828403124,0.6972281762866173,0.5072965136434064,0.9888114827094027
boosting,0.2049999999999999,0.9930891931349305,0.0231397035825744,0.6988978397790098,0.6976611426836355,0.5081144483587524,0.9881461818030306
boosting,0.2099999999999999,0.9926693539457248,0.02406131069555728,0.6990074744398038,0.6976498823638548,0.508365332320641,0.9875735137076838
boosting,0.2149999999999999,0.9926153759422093,0.026178940535347462,0.6994528671357462,0.698257334546553,0.5093971582387784,0.9868909868515034
boosting,0.21999999999999992,0.9924494375599925,0.028611581344725485,0.6999432835063397,0.6988828736513447,0.510530509452359,0.9860346542928656
boosting,0.22499999999999992,0.9922521953055771,0.029825122010424178,0.7001640345726944,0.6991153288731264,0.5110386586580006,0.9855278669935214
boosting,0.22999999999999993,0.9922359800431311,0.03140834183600392,0.7005033637967564,0.6995862709265701,0.5118221609395674,0.9850343721323734
boosting,0.23499999999999993,0.991815935007226,0.03254447454841979,0.700660739462855,0.6996402078487917,0.5121802047778229,0.9843962204955548
boosting,0.23999999999999988,0.9914069306256279,0.03443095549932796,0.7009835019731341,0.6999303643657007,0.512918943062478,0.9835372050286783
boosting,0.24499999999999988,0.9912659778694305,0.03547741503404162,0.7011809503992555,0.7001510746671825,0.5133716964517361,0.9831204522384287
boosting,0.2499999999999999,0.9909532567473613,0.03919906140373294,0.701924336122426,0.7010671446684994,0.5150761590755472,0.9817694377300681
boosting,0.2549999999999999,0.9907920053250335,0.04005823569755212,0.7020774444085913,0.7012166953891685,0.5154251205112929,0.9813956123587757
boosting,0.2599999999999999,0.9903648914700842,0.041825514084655936,0.7023726060289933,0.701457951412216,0.5160952027773701,0.9805603100370217
boosting,0.2649999999999999,0.9898486555839394,0.043587246137493776,0.7026482489996062,0.7016355409617802,0.5167179508607166,0.9796647198563142
boosting,0.2699999999999999,0.9896124875445935,0.04517028215309364,0.70294441794285,0.7019534676594434,0.5173913848488436,0.9790183216093895
boosting,0.2749999999999999,0.988832780305163,0.047645202203677246,0.7033216399551965,0.702165057601558,0.5182389912544201,0.9777222849927146
boosting,0.27999999999999986,0.988645204477669,0.05151150935077993,0.7041302454583596,0.7032122169400112,0.5200783569142244,0.9764142380132769
boosting,0.28499999999999986,0.9878981829305588,0.053259809990565586,0.7043570804638511,0.7032252227725357,0.5205789964605622,0.975362246018228
boosting,0.28999999999999987,0.9872430606057853,0.055512542479439514,0.704714901546445,0.7034557773699571,0.5213778015426124,0.9742205222144646
boosting,0.2949999999999999,0.9865970887452911,0.05807333381816861,0.7051434837492525,0.7037865242050342,0.5223352112817299,0.9729913329890311
boosting,0.2999999999999999,0.9858428398735782,0.061662558531957824,0.7057778549455404,0.7043552142568149,0.523752699202768,0.971373604735018
boosting,0.3049999999999999,0.9847794743911392,0.0639599743834437,0.7060627139082103,0.7043154784459917,0.5243697243872915,0.9699343711289156
boosting,0.3099999999999999,0.9840591227408838,0.06878574797914874,0.7069827394249428,0.7052843703972037,0.5264224353600163,0.9679635865286065
boosting,0.31499999999999984,0.9832994044672527,0.07328959853588118,0.7078263919122086,0.7061278344487557,0.528294501501567,0.9660634772212745
boosting,0.31999999999999984,0.9820000588276087,0.07568366917615503,0.7080878243611346,0.705953432718907,0.5288418640018818,0.9644306992986095
boosting,0.32499999999999984,0.9812669712722043,0.08364871022052835,0.7097196610586392,0.7078696286596907,0.5324578407463664,0.9614948971243371
boosting,0.32999999999999985,0.979879886444357,0.08750911242605555,0.71029763896402,0.7080808279494563,0.5336944994352063,0.9593544871605876
boosting,0.33499999999999985,0.979220340769493,0.0907235145651512,0.7108848909494418,0.708601212634426,0.5349719276673222,0.9579167811046514
boosting,0.33999999999999986,0.978331779009957,0.09455060401927756,0.7115647104235878,0.7091489479807357,0.5364411915146173,0.9561332000504399
boosting,0.34499999999999986,0.9778177238260717,0.09780146259841,0.712194636531175,0.709781613471593,0.5378095932122409,0.9547855669326155
boosting,0.3499999999999998,0.977061509787694,0.10022020771081204,0.7125861567546713,0.7099924312243349,0.538640858749253,0.9535229777486204
boosting,0.3549999999999998,0.9755509404901606,0.10487327525801202,0.7133305720865833,0.7103591877425711,0.5402121078740862,0.9510552636291703
boosting,0.3599999999999998,0.974372569045671,0.10688840322289281,0.7135442421141548,0.710153495097122,0.5406304861342819,0.9496220321634279
boosting,0.3649999999999998,0.9731011301861244,0.11171301659695278,0.7143837752681842,0.7107387970743119,0.5424070733915386,0.9472683643517112
boosting,0.36999999999999983,0.9720333160814846,0.1197714895242446,0.7160164183850509,0.7124506753296802,0.5459024028028646,0.9440713293653743
boosting,0.37499999999999983,0.9697964107440148,0.12394059506233616,0.7165130557028774,0.7121649182989231,0.5468685029031755,0.9412459128275794
boosting,0.37999999999999984,0.9681261999975797,0.13134860104799942,0.7178858293837436,0.7132597586191946,0.5497374005227895,0.9378280794681398
boosting,0.38499999999999984,0.9651909749708945,0.13525883621460466,0.7181844985087055,0.7124095297506897,0.5502249055927495,0.9345958850137581
boosting,0.38999999999999985,0.9635584273732656,0.14229878164221052,0.7194944810307271,0.7134184575438878,0.5529286045077381,0.9313163475304377
boosting,0.3949999999999998,0.9628112008701993,0.14648279733433486,0.7203240924163242,0.7141731930333997,0.5546469991022671,0.9295223408178119
boosting,0.3999999999999998,0.9616265960508059,0.1502312002201511,0.7209623195573838,0.7144910879471459,0.5559288981354785,0.9275568521764542
boosting,0.4049999999999998,0.9591621037449688,0.15398575795196842,0.7213367527350825,0.7139207992550777,0.5565739308484686,0.924699430632696
boosting,0.4099999999999998,0.9564130364116898,0.1587098520564462,0.721885050237645,0.7134479138653379,0.5575614442340681,0.9213488079453604
boosting,0.4149999999999998,0.9538985049824587,0.16383764707770868,0.722583423939499,0.7132610888048413,0.5588680760300837,0.9180383264417956
boosting,0.4199999999999998,0.9522424529757743,0.16905330211909547,0.7234884853645184,0.7136980272459593,0.5606478775474348,0.9152980874787285
boosting,0.4249999999999998,0.9511886905038693,0.17526724594048185,0.7247667967675763,0.7148578690128385,0.5632279682221756,0.9126726325295627
boosting,0.42999999999999977,0.9486222053388563,0.17977414720962578,0.7253205724531667,0.714445801976646,0.5641981762742411,0.9095151337572617
boosting,0.4349999999999998,0.946315503249417,0.1843779590310501,0.7259564718038015,0.7142439101626832,0.5653467311402336,0.9065087760083237
boosting,0.4399999999999998,0.9434482121739939,0.1898118903658028,0.7266820280602353,0.7139050125545658,0.5666300512698983,0.902859735433374
boosting,0.4449999999999998,0.9409729512233337,0.19342327172030568,0.7270473960602161,0.7132836263565371,0.5671981114718196,0.9000384339521499
boosting,0.4499999999999998,0.9389647347302937,0.20004325668452946,0.7282572301536798,0.7139033948904254,0.5695039957074116,0.8966255610483894
boosting,0.4549999999999998,0.9350197266708671,0.20290968798239964,0.7281343914852832,0.7120330208936674,0.5689647073266334,0.8930090668274263
boosting,0.4599999999999998,0.9317053303136568,0.20623973892184486,0.7282601691524943,0.7107423960135506,0.5689725346177508,0.8896899023840836
boosting,0.4649999999999998,0.9299762833472687,0.21154934847862328,0.7292197265978312,0.7111571891097982,0.570762815912946,0.8868702845817998
boosting,0.4699999999999998,0.9272719957760239,0.21740996516409863,0.7301169674878499,0.7110616074496545,0.5723409804700613,0.8832046395720041
boosting,0.47499999999999976,0.925773932778892,0.22549605979555923,0.7318414460045884,0.7124826954329925,0.5756349962872256,0.8796999882287725
boosting,0.47999999999999976,0.9227355513935422,0.23558771911953819,0.7337658021347847,0.7134434731491062,0.5791616352565402,0.8745133133774795
boosting,0.48499999999999976,0.9200453867827495,0.24099069637565845,0.7345803264088399,0.7132183246546385,0.580518041579204,0.870996877956009
boosting,0.48999999999999977,0.9169243827546988,0.2474876481825043,0.7355926770723068,0.713026765893827,0.5822060154686015,0.8668476248475087
boosting,0.4949999999999998,0.9143922708259877,0.2505781255158595,0.7358551609413505,0.7122071870424282,0.5824851981709236,0.8641454455032155
boosting,0.4999999999999998,0.9111740038396344,0.257276997024327,0.7369137347601858,0.7120094906354074,0.5842255004319807,0.8598670529954447
boosting,0.5049999999999998,0.9088731342135313,0.2612944912448929,0.7374746979192753,0.7116330737085111,0.5850838127292122,0.8570433323727058
boosting,0.5099999999999998,0.9049745745649985,0.26799991008999463,0.7384068159236951,0.7109642829573751,0.5864872423274966,0.8522898571339641
boosting,0.5149999999999998,0.9009092292768549,0.27365289895344164,0.7390341633093674,0.7098589562505738,0.5872810641151482,0.8477409459990256
boosting,0.5199999999999998,0.8964847095273103,0.2818687832890174,0.7402766744786481,0.7092844616580166,0.5891767464081639,0.8421616491602966
boosting,0.5249999999999998,0.8936309305616522,0.2932226768841265,0.7427202301922892,0.7107580678307485,0.5934268037228894,0.8367188979639811
boosting,0.5299999999999998,0.8885310593385404,0.300289531432803,0.7435459591682941,0.7093639484162118,0.5944102953856717,0.8310199212664081
boosting,0.5349999999999998,0.8848352493694297,0.3115375408353336,0.7458346362512852,0.7102197398148153,0.5981863951023816,0.825023855893004
boosting,0.5399999999999998,0.8787343764236532,0.31738554651988776,0.7461400519480113,0.7077582666077478,0.5980599614717704,0.8190000014753163
boosting,0.5449999999999998,0.8728770014531427,0.32269849637937636,0.7463532126076988,0.7053031587892694,0.5977877489162595,0.8133084479737567
boosting,0.5499999999999998,0.8662124556690801,0.32977893412938214,0.7468913227056516,0.7028250719215665,0.5979956948992311,0.8065172294567113
boosting,0.5549999999999998,0.8612435471244756,0.33685124168104347,0.7478081079031524,0.7015236873405287,0.5990473944027596,0.8009076658319512
boosting,0.5599999999999998,0.8560947092647299,0.3448577684623785,0.7489662987468106,0.7003817217671781,0.6004762388635542,0.7948884306205961
boosting,0.5649999999999998,0.8520563329326113,0.3523969217413817,0.7502512626054436,0.6998696393698441,0.6022266273369965,0.7897837846325594
boosting,0.5699999999999998,0.8470622408913449,0.36523284002053436,0.752891582411218,0.7003062272198768,0.6061475404559395,0.7824012224055868
boosting,0.5749999999999997,0.8436008996200419,0.3730276198153946,0.7544253136902687,0.7002732849920695,0.6083142597177182,0.7776199986985957
boosting,0.5799999999999997,0.8390539199644816,0.3803492010852258,0.755598357999186,0.699341241839511,0.6097015605248537,0.7722279284950094
boosting,0.5849999999999997,0.8333172704572672,0.38814230319385234,0.7566670852703999,0.697725495725733,0.6107297868255598,0.7658649228842819
boosting,0.5899999999999997,0.827658556458639,0.39731819225566356,0.7581914189661701,0.6965851178967407,0.6124883743571512,0.759134944677358
boosting,0.5949999999999998,0.8217025035757238,0.4053403334292085,0.7593222388021028,0.6948865553918407,0.6135214185024662,0.7525496008444134
boosting,0.5999999999999998,0.8171883468509191,0.41864877323373906,0.7624380168854534,0.6958008204594652,0.6179185600423291,0.7453568738091494
boosting,0.6049999999999998,0.8113299311510614,0.4266335573080212,0.7636377425466929,0.6941587784629117,0.6189817442295413,0.7388508069994513
boosting,0.6099999999999998,0.8060144334911569,0.43289508169550184,0.7644323608960865,0.692369420143592,0.6194547575933294,0.7332471677045308
boosting,0.6149999999999998,0.8008122558475966,0.4419458153580992,0.766159050891788,0.6915084064944338,0.6213790356028479,0.7268727935558912
boosting,0.6199999999999998,0.7940114462391709,0.45200301248860064,0.7678848539763106,0.6898422230897647,0.6230072293638858,0.7190801506329236
boosting,0.6249999999999998,0.7874174572128736,0.4596066295204931,0.7688873734798827,0.6875725531378373,0.6235120433666833,0.7121786482396039
boosting,0.6299999999999998,0.779246105620659,0.4688989061191901,0.7701135838184573,0.6847202884525382,0.6240725058699246,0.7036658843440332
boosting,0.6349999999999998,0.7695914756832404,0.477019615210232,0.7706338993057189,0.6804796865772534,0.6233055454467362,0.6944784573383885
boosting,0.6399999999999998,0.7629906636171426,0.4855678140648892,0.7720213447759454,0.678492973297526,0.6242792388410159,0.6872845085279392
boosting,0.6449999999999998,0.7536717545765564,0.49578147272145834,0.7733851524661626,0.6751233105395908,0.6247266136490074,0.6776930758791249
boosting,0.6499999999999997,0.7442397118009516,0.5062892015815085,0.7748654880423254,0.6717645405727424,0.62526445669123,0.6679333997099791
boosting,0.6549999999999997,0.7335145869159467,0.5163337340365152,0.7759172519053291,0.6673654557986848,0.624924160476231,0.6574155702531506
boosting,0.6599999999999997,0.7259287939915766,0.5257789609449285,0.7775345941931262,0.6649669855551262,0.6258538774682525,0.6492634293253371
boosting,0.6649999999999997,0.7157145570213992,0.5342488754082164,0.7782001124709045,0.6604435835116964,0.6249817162148078,0.6395804796058048
boosting,0.6699999999999997,0.7053895245887001,0.5462242733282443,0.7801816446839485,0.6569108353518326,0.6258068989584722,0.6287527774323559
boosting,0.6749999999999997,0.6941682293254166,0.558080393652196,0.7819667240678034,0.6527184791929325,0.6261243114888062,0.6173381266056427
boosting,0.6799999999999997,0.6864797594495867,0.5701896793340682,0.78479152193946,0.6510600267465899,0.6283347193918274,0.6083031608462115
boosting,0.6849999999999997,0.6763150653877855,0.5793468257867377,0.7859070896866661,0.6467803955007456,0.6278309455872616,0.5984453465024872
boosting,0.6899999999999997,0.6641287616735314,0.5927147964821167,0.7882719539956055,0.6423774346830577,0.628421779077824,0.5858991296419541
boosting,0.6949999999999997,0.6526374048877591,0.60580267583866,0.7907989859890252,0.6383724427990882,0.6292200403632096,0.5739215026373047
boosting,0.6999999999999997,0.6421190352074174,0.6233160664201833,0.7955882398058538,0.6363920107887822,0.6327175508138003,0.5612725834696327
boosting,0.7049999999999997,0.6311173056794559,0.637275289842983,0.7988987516522371,0.632992909796718,0.6341962977612194,0.5493700579053983
boosting,0.7099999999999997,0.6178479296467743,0.6484501511319108,0.8005074548401806,0.6271687806088229,0.6331490403893425,0.5367386309763078
boosting,0.7149999999999997,0.6060592586013429,0.6588296790028811,0.8022115105466899,0.6221321186715271,0.632444468802112,0.525379157971931
boosting,0.7199999999999998,0.5954479952892627,0.670287553147732,0.8048160494551496,0.618242692242986,0.6328677742184974,0.514510033203651
boosting,0.7249999999999998,0.5785476235682266,0.6855835543252303,0.8077382969743591,0.6111487194937217,0.6320655889467285,0.4980983220437928
boosting,0.7299999999999998,0.5675026424623554,0.6968195575784033,0.8103821806560174,0.6068900997831909,0.6321611000203793,0.4869951592478663
boosting,0.7349999999999997,0.5550962926046477,0.7076998845798952,0.8125916328184147,0.6015764260082116,0.6313980885922714,0.4750536067452909
boosting,0.7399999999999997,0.5439317024125597,0.7167020699588651,0.8142555912888142,0.5965542496789281,0.6303168861857125,0.46454764367256035
boosting,0.7449999999999997,0.5309943119426052,0.7293761063044651,0.817514725839715,0.5914176096345315,0.6301852091235352,0.45169046582849437
boosting,0.7499999999999997,0.5179838274961632,0.7409582512738314,0.8203223435972743,0.5858975694246615,0.6294710393849974,0.43911502624948145
boosting,0.7549999999999997,0.505284640676671,0.7492610928639116,0.8214625352626491,0.5795951984965063,0.6272728667702914,0.42775488204429635
boosting,0.7599999999999997,0.490284707296184,0.760098692861592,0.8235136772606175,0.5724648832730483,0.625191700078888,0.4140227157484421
boosting,0.7649999999999997,0.4771289889287166,0.7709893031395404,0.82629541630086,0.5666332163832561,0.6240591460341285,0.4015569059526642
boosting,0.7699999999999997,0.4631537714939089,0.7819116256061813,0.8290255561590906,0.5602413130832009,0.6225326985500451,0.38851154189516424
boosting,0.7749999999999997,0.44938884027126197,0.7915690721039511,0.8311583390604328,0.553610389828402,0.6204789561876065,0.3759976719057048
boosting,0.7799999999999997,0.43716794750603327,0.8063588029440204,0.8375197828232716,0.5496164160513668,0.6217633752250269,0.36299436022840936
boosting,0.7849999999999997,0.4250853735382871,0.8140720023755099,0.8392298169165574,0.5435632557855763,0.6195786879568985,0.3522426141180329
boosting,0.7899999999999997,0.4143876513331638,0.8230672918271906,0.8424551900266898,0.5388636480224422,0.6187274715801772,0.34206342034639137
boosting,0.7949999999999997,0.4054084818634804,0.8309477378651194,0.8455693922438301,0.5350195947566666,0.6181781098642999,0.3334189010053226
boosting,0.7999999999999997,0.3949504533504528,0.835722873315336,0.8458979474634009,0.5292012964361289,0.6153366633328944,0.3246917729531471
boosting,0.8049999999999997,0.38508007501232094,0.8465271237392994,0.851385028026728,0.5256280143228829,0.6158035993758102,0.31453695505124435
boosting,0.8099999999999996,0.3745195296213924,0.8543885298514439,0.8544925102448139,0.5206784427782035,0.6144540297364182,0.3047985158252417
boosting,0.8149999999999996,0.3613318486025716,0.8626055633466411,0.8572358396845163,0.5140102281310402,0.6119687059746064,0.2931247989078531
boosting,0.8199999999999996,0.3524500980605439,0.8673969053516016,0.858529128430854,0.5092930398866442,0.6099235017060728,0.2854889085190306
boosting,0.8249999999999996,0.34351371076145626,0.8752451162858103,0.8627657953947183,0.505468919965479,0.6093794135236332,0.2768839589138498
boosting,0.8299999999999996,0.33340601597454184,0.8863012421728531,0.87004838950076,0.5018073198970572,0.6098536290736974,0.2664873901660577
boosting,0.8349999999999996,0.3205102844012336,0.8937568164398064,0.8732230580049526,0.49511020657478927,0.60713355042052,0.2552486263879555
boosting,0.8399999999999996,0.31065394164872123,0.9009060798030454,0.8774165267894791,0.4904334459712789,0.6057800107258833,0.24621680820605663
boosting,0.8449999999999996,0.2991591107449887,0.9093106544921501,0.8827893463054747,0.48499959315223473,0.6042348826185694,0.23566321020023898
boosting,0.8499999999999996,0.289500031992984,0.9136384782148178,0.884442710172422,0.47960065719576045,0.6015692551039009,0.2276279296941642
boosting,0.8549999999999996,0.2796951397939517,0.9172589444624409,0.8852955214367846,0.47388487222883335,0.5984770421281963,0.21970669527490808
boosting,0.8599999999999997,0.27021273572553456,0.9212463061296572,0.8867999198113934,0.46850510100282367,0.5957295209275959,0.2118979759511298
boosting,0.8649999999999997,0.25653425034123367,0.9268591812813726,0.888988817378992,0.46070239481640507,0.5916967158113031,0.20067612107427157
boosting,0.8699999999999997,0.2438468877454734,0.9334154673720555,0.8931803239285752,0.4538762793023143,0.5886311775587645,0.18985616703800098
boosting,0.8749999999999997,0.23049474514814366,0.939079390773195,0.8962499479785079,0.44631606645564986,0.5847870679606694,0.17884570886139392
boosting,0.8799999999999997,0.2182581518231331,0.9437421970877601,0.8985587185078199,0.4392267068197062,0.5810001744554466,0.16891594610346977
boosting,0.8849999999999997,0.20751908146986459,0.9475975659211934,0.9004153741018509,0.43293282331668,0.577558323695529,0.16027351948453844
boosting,0.8899999999999997,0.19268178624443832,0.9531346719221028,0.9037270559279277,0.4243011807548648,0.5729082290832705,0.1482688838986314
boosting,0.8949999999999996,0.18213827378538852,0.9570413061055568,0.9063707186842153,0.41815890639873976,0.5695897899454727,0.1397468375377252
boosting,0.8999999999999996,0.1624849156423241,0.9611612919815263,0.905230838804548,0.4057464538408646,0.5618231038119252,0.12482464729075396
boosting,0.9049999999999996,0.14946167509338532,0.9657874949810407,0.908879268647156,0.3980988960003895,0.557624585037213,0.11435898366671017
boosting,0.9099999999999996,0.12681616811601523,0.9696582575864674,0.905148995388574,0.38352973723750416,0.5482372128512413,0.09743190449127079
boosting,0.9149999999999996,0.10986255827948789,0.9727901777584301,0.9021398586437669,0.37269379542039893,0.5413263680189591,0.08468811679035756
boosting,0.9199999999999996,0.09753636892952344,0.9767612965752337,0.905508289478704,0.365331454220439,0.5371488327523786,0.07490672201534973
boosting,0.9249999999999996,0.08520863760018019,0.9815537938265408,0.9133958976936345,0.3582182168491226,0.5333812157133605,0.06487407876775367
boosting,0.9299999999999996,0.06996927579666119,0.9861444052631312,0.920191020958848,0.3490186853645314,0.5280568405298962,0.05287812251733841
boosting,0.9349999999999996,0.05863418049266718,0.9886405213593937,0.9217844858032339,0.3418963123346048,0.5236373509260305,0.04423521110894576
boosting,0.9399999999999996,0.04817326467015033,0.9903533426648419,0.9193665158859167,0.3351432838455625,0.5192633036674961,0.036438797444715565
boosting,0.9449999999999996,0.04014820801048106,0.9926056524169646,0.9253554262401574,0.3302485162942576,0.5163769302137229,0.030172009007273255
boosting,0.9499999999999996,0.03293938717224413,0.9949110292981415,0.9366225152156477,0.32593753798713204,0.5139252082351928,0.02445668335031636
