modelo,grupo,n,peso,prediccion_media,proporcion_observada
base,1,3039,110455.82196072041,0.6877378723449699,0.710167564242613
base,2,3091,110555.3365698149,0.6877378723449699,0.7538304495635253
base,3,2832,110508.24594062672,0.6926652196973834,0.6829180011135846
base,4,3523,110535.5583459046,0.6938007781511465,0.7042281988190687
base,5,3981,110508.62939987819,0.6945324113929275,0.7080899265052526
base,6,2507,110538.78854383616,0.6946630088008902,0.6872575127779295
base,7,3366,110532.08983631842,0.6952887543882267,0.7378208745417502
base,8,2623,110482.10743755676,0.6953783733869024,0.6596664995958151
base,9,3310,110560.43832763535,0.7048419849630188,0.6527042191101801
base,10,3230,110520.66106963411,0.7052907834492741,0.6574971152008073
logistica,1,3044,110492.44852319616,0.4322386711919184,0.43969737290496463
logistica,2,3278,110521.38058638686,0.5517248624588016,0.5466325317510865
logistica,3,2974,110545.46057969793,0.6054919466814853,0.6497961060435833
logistica,4,3080,110514.39203486795,0.6455036641354323,0.6483604383396107
logistica,5,3025,110521.91344135067,0.6828252977223426,0.6868413666276861
logistica,6,3027,110496.14917144431,0.7200730915684108,0.7143110599280661
logistica,7,2771,110153.14146755749,0.7584362319449666,0.7593335895763551
logistica,8,3013,110798.27544767992,0.7962324443984884,0.7833955542682535
logistica,9,3323,110614.2022101658,0.8416700765323382,0.8206068205950018
logistica,10,3967,110540.3139695785,0.9152262434178107,0.9050124246981686
boosting,1,2845,110507.07598190234,0.3339818833952321,0.41080207228794563
boosting,2,3176,110511.56202625764,0.5073268543762651,0.5576649592947048
boosting,3,3701,110518.12178341956,0.5961211722134044,0.5962425648150288
boosting,4,3407,110527.002375784,0.6589288061355619,0.6763345364245119
boosting,5,3001,110534.24987720628,0.7047726902715196,0.676456004485042
boosting,6,3043,110484.31458184378,0.7454684837849734,0.7282631500559689
boosting,7,3204,110396.2285828045,0.7874368523657023,0.7466451606854629
boosting,8,3071,110176.40373767461,0.8382514166242934,0.7830251211466487
boosting,9,2987,111013.1015453015,0.8886900273625178,0.8734732559193134
boosting,10,3067,110529.61693973141,0.9358258596300522,0.9047704356102844
