modelo,pliegue,variable,repeticion,auc_original,auc_permutada,caida_auc
logistica,1,edad_limite_inferior,1,0.701569383616856,0.6978886419496979,0.0036807416671580384
logistica,1,edad_limite_inferior,2,0.701569383616856,0.7016132784291107,-4.3894812254752225e-05
logistica,1,edad_limite_inferior,3,0.701569383616856,0.7001554633768413,0.0014139202400146322
logistica,1,edad_limite_inferior,4,0.701569383616856,0.698044397559462,0.0035249860573939307
logistica,1,edad_limite_inferior,5,0.701569383616856,0.6993848446045777,0.0021845390122782193
logistica,1,edad_98_mas,1,0.701569383616856,0.701569383616856,0.0
logistica,1,edad_98_mas,2,0.701569383616856,0.701569383616856,0.0
logistica,1,edad_98_mas,3,0.701569383616856,0.701569383616856,0.0
logistica,1,edad_98_mas,4,0.701569383616856,0.701569383616856,0.0
logistica,1,edad_98_mas,5,0.701569383616856,0.701569383616856,0.0
logistica,1,p02,1,0.701569383616856,0.6878848726341147,0.01368451098274126
logistica,1,p02,2,0.701569383616856,0.6860440492668705,0.015525334349985487
logistica,1,p02,3,0.701569383616856,0.6903328147689027,0.01123656884795321
logistica,1,p02,4,0.701569383616856,0.6923549795880247,0.009214404028831225
logistica,1,p02,5,0.701569383616856,0.6872469157747413,0.014322467842114661
logistica,1,p06,1,0.701569383616856,0.6346882899399677,0.06688109367688821
logistica,1,p06,2,0.701569383616856,0.6462734075533941,0.055295976063461816
logistica,1,p06,3,0.701569383616856,0.6468648153381872,0.054704568278668764
logistica,1,p06,4,0.701569383616856,0.650935423640238,0.050633959976617904
logistica,1,p06,5,0.701569383616856,0.6433608829292746,0.05820850068758132
logistica,1,p07,1,0.701569383616856,0.7015168261857778,5.255743107812627e-05
logistica,1,p07,2,0.701569383616856,0.7011088930700874,0.00046049054676855494
logistica,1,p07,3,0.701569383616856,0.701292871070603,0.0002765125462529383
logistica,1,p07,4,0.701569383616856,0.7004055294409394,0.0011638541759165788
logistica,1,p07,5,0.701569383616856,0.7004643590199514,0.0011050245969045358
logistica,1,p10a,1,0.701569383616856,0.6483654239658919,0.05320395965096403
logistica,1,p10a,2,0.701569383616856,0.6436852272536044,0.057884156363251504
logistica,1,p10a,3,0.701569383616856,0.6353541286594755,0.06621525495738045
logistica,1,p10a,4,0.701569383616856,0.650484160470176,0.05108522314667996
logistica,1,p10a,5,0.701569383616856,0.6485224079179921,0.05304697569886385
logistica,1,p15,1,0.701569383616856,0.7013047077538549,0.0002646758630010515
logistica,1,p15,2,0.701569383616856,0.7006481160046721,0.000921267612183807
logistica,1,p15,3,0.701569383616856,0.7017549533195383,-0.0001855697026823533
logistica,1,p15,4,0.701569383616856,0.7014392801201579,0.0001301034966980641
logistica,1,p15,5,0.701569383616856,0.7003634308033918,0.0012059528134641395
logistica,1,prov,1,0.701569383616856,0.6399722855249802,0.061597098091875746
logistica,1,prov,2,0.701569383616856,0.644402829561621,0.057166554055234964
logistica,1,prov,3,0.701569383616856,0.6296417323120291,0.07192765130482681
logistica,1,prov,4,0.701569383616856,0.6482651517604481,0.05330423185640787
logistica,1,prov,5,0.701569383616856,0.654236139896404,0.047333243720452
logistica,1,area,1,0.701569383616856,0.6928356008214334,0.008733782795422584
logistica,1,area,2,0.701569383616856,0.6937132257459232,0.007856157870932745
logistica,1,area,3,0.701569383616856,0.6949687053558918,0.00660067826096411
logistica,1,area,4,0.701569383616856,0.6945777925682648,0.00699159104859115
logistica,1,area,5,0.701569383616856,0.6935821525705339,0.00798723104632204
logistica,1,mes,1,0.701569383616856,0.7032820502334544,-0.0017126666165984128
logistica,1,mes,2,0.701569383616856,0.7059978012377002,-0.004428417620844227
logistica,1,mes,3,0.701569383616856,0.7035106786017165,-0.0019412949848605088
logistica,1,mes,4,0.701569383616856,0.7056596513540324,-0.004090267737176467
logistica,1,mes,5,0.701569383616856,0.7061896702155046,-0.00462028659864866
boosting,1,edad_limite_inferior,1,0.7058193188136146,0.6250250289628478,0.08079428985076675
boosting,1,edad_limite_inferior,2,0.7058193188136146,0.6503593223404073,0.05545999647320732
boosting,1,edad_limite_inferior,3,0.7058193188136146,0.6622567577655452,0.04356256104806944
boosting,1,edad_limite_inferior,4,0.7058193188136146,0.6611814508347076,0.04463786797890701
boosting,1,edad_limite_inferior,5,0.7058193188136146,0.6392041399297671,0.06661517888384749
boosting,1,edad_98_mas,1,0.7058193188136146,0.7058193188136146,0.0
boosting,1,edad_98_mas,2,0.7058193188136146,0.7058193188136146,0.0
boosting,1,edad_98_mas,3,0.7058193188136146,0.7058193188136146,0.0
boosting,1,edad_98_mas,4,0.7058193188136146,0.7058193188136146,0.0
boosting,1,edad_98_mas,5,0.7058193188136146,0.7058193188136146,0.0
boosting,1,p02,1,0.7058193188136146,0.6859530110107059,0.019866307802908656
boosting,1,p02,2,0.7058193188136146,0.6811357005951547,0.02468361821845988
boosting,1,p02,3,0.7058193188136146,0.6887759227929223,0.01704339602069227
boosting,1,p02,4,0.7058193188136146,0.6908000460011564,0.015019272812458184
boosting,1,p02,5,0.7058193188136146,0.6845087680987552,0.021310550714859433
boosting,1,p06,1,0.7058193188136146,0.6660695218690554,0.03974979694455916
boosting,1,p06,2,0.7058193188136146,0.6647510971967049,0.041068221616909706
boosting,1,p06,3,0.7058193188136146,0.6746850171260067,0.03113430168760789
boosting,1,p06,4,0.7058193188136146,0.679391912247561,0.02642740656605358
boosting,1,p06,5,0.7058193188136146,0.6768969474169604,0.028922371396654212
boosting,1,p07,1,0.7058193188136146,0.7064607054339151,-0.0006413866203005547
boosting,1,p07,2,0.7058193188136146,0.7054165425071678,0.00040277630644680595
boosting,1,p07,3,0.7058193188136146,0.7046124653495645,0.0012068534640501394
boosting,1,p07,4,0.7058193188136146,0.7050346606700799,0.0007846581435346778
boosting,1,p07,5,0.7058193188136146,0.7060896781163326,-0.0002703593027180151
boosting,1,p10a,1,0.7058193188136146,0.6605296817806277,0.04528963703298694
boosting,1,p10a,2,0.7058193188136146,0.66340297968821,0.042416339125404545
boosting,1,p10a,3,0.7058193188136146,0.6639181226472988,0.041901196166315824
boosting,1,p10a,4,0.7058193188136146,0.6793746935879542,0.02644462522566038
boosting,1,p10a,5,0.7058193188136146,0.666015846857437,0.039803471956177616
boosting,1,p15,1,0.7058193188136146,0.7037615013930915,0.0020578174205231337
boosting,1,p15,2,0.7058193188136146,0.7040525202903463,0.0017667985232683314
boosting,1,p15,3,0.7058193188136146,0.7040212494243858,0.0017980693892287736
boosting,1,p15,4,0.7058193188136146,0.7048275244771343,0.0009917943364803339
boosting,1,p15,5,0.7058193188136146,0.703429444435457,0.0023898743781576304
boosting,1,prov,1,0.7058193188136146,0.6714497373266436,0.034369581486971
boosting,1,prov,2,0.7058193188136146,0.6725701313216516,0.03324918749196304
boosting,1,prov,3,0.7058193188136146,0.6566332421183807,0.049186076695233893
boosting,1,prov,4,0.7058193188136146,0.6727594228472109,0.033059895966403685
boosting,1,prov,5,0.7058193188136146,0.6773839670595748,0.028435351754039773
boosting,1,area,1,0.7058193188136146,0.7027502068043822,0.003069112009232433
boosting,1,area,2,0.7058193188136146,0.7044331746849072,0.0013861441287074117
boosting,1,area,3,0.7058193188136146,0.7024815267492719,0.003337792064342704
boosting,1,area,4,0.7058193188136146,0.7029933686327978,0.002825950180816772
boosting,1,area,5,0.7058193188136146,0.703486585518452,0.0023327332951625923
boosting,1,mes,1,0.7058193188136146,0.7115378998585087,-0.005718581044894089
boosting,1,mes,2,0.7058193188136146,0.714494646594322,-0.008675327780707454
boosting,1,mes,3,0.7058193188136146,0.7089421208412634,-0.0031228020276488078
boosting,1,mes,4,0.7058193188136146,0.718904531537633,-0.013085212724018414
boosting,1,mes,5,0.7058193188136146,0.7191162505716397,-0.013296931758025154
logistica,2,edad_limite_inferior,1,0.6558550215121255,0.6507375537359616,0.005117467776163842
logistica,2,edad_limite_inferior,2,0.6558550215121255,0.6548670582600631,0.000987963252062407
logistica,2,edad_limite_inferior,3,0.6558550215121255,0.6528469057604983,0.003008115751627183
logistica,2,edad_limite_inferior,4,0.6558550215121255,0.6526389727311049,0.003216048781020553
logistica,2,edad_limite_inferior,5,0.6558550215121255,0.6541718128887638,0.0016832086233616872
logistica,2,edad_98_mas,1,0.6558550215121255,0.6558550215121255,0.0
logistica,2,edad_98_mas,2,0.6558550215121255,0.6558550215121255,0.0
logistica,2,edad_98_mas,3,0.6558550215121255,0.6558550215121255,0.0
logistica,2,edad_98_mas,4,0.6558550215121255,0.6558550215121255,0.0
logistica,2,edad_98_mas,5,0.6558550215121255,0.6558550215121255,0.0
logistica,2,p02,1,0.6558550215121255,0.6544554359107104,0.0013995856014150654
logistica,2,p02,2,0.6558550215121255,0.650554540985261,0.005300480526864493
logistica,2,p02,3,0.6558550215121255,0.6593662450514868,-0.0035112235393612856
logistica,2,p02,4,0.6558550215121255,0.6521173001430898,0.003737721369035718
logistica,2,p02,5,0.6558550215121255,0.6505752055852132,0.00527981592691229
logistica,2,p06,1,0.6558550215121255,0.5884239532886077,0.06743106822351774
logistica,2,p06,2,0.6558550215121255,0.6087787893181965,0.04707623219392898
logistica,2,p06,3,0.6558550215121255,0.5981820973156505,0.05767292419647496
logistica,2,p06,4,0.6558550215121255,0.5881986737244027,0.06765634778772278
logistica,2,p06,5,0.6558550215121255,0.6016297252404454,0.054225296271680046
logistica,2,p07,1,0.6558550215121255,0.6567935423992675,-0.0009385208871419692
logistica,2,p07,2,0.6558550215121255,0.6566908927467985,-0.0008358712346729913
logistica,2,p07,3,0.6558550215121255,0.6576565936359783,-0.0018015721238527904
logistica,2,p07,4,0.6558550215121255,0.6578729782958835,-0.002017956783758046
logistica,2,p07,5,0.6558550215121255,0.6554638225766398,0.0003911989354856704
logistica,2,p10a,1,0.6558550215121255,0.587087671954696,0.06876734955742947
logistica,2,p10a,2,0.6558550215121255,0.5994909171439231,0.05636410436820238
logistica,2,p10a,3,0.6558550215121255,0.5973529920388849,0.05850202947324057
logistica,2,p10a,4,0.6558550215121255,0.5946093635377772,0.06124565797434833
logistica,2,p10a,5,0.6558550215121255,0.5858822413947231,0.06997278011740238
logistica,2,p15,1,0.6558550215121255,0.6548672169517973,0.0009878045603282093
logistica,2,p15,2,0.6558550215121255,0.6532948928500051,0.002560128662120409
logistica,2,p15,3,0.6558550215121255,0.6547029561388912,0.0011520653732343122
logistica,2,p15,4,0.6558550215121255,0.6540674119756028,0.001787609536522683
logistica,2,p15,5,0.6558550215121255,0.6555774153592301,0.00027760615289540436
logistica,2,prov,1,0.6558550215121255,0.6261906292650996,0.029664392247025884
logistica,2,prov,2,0.6558550215121255,0.6373006834355288,0.018554338076596677
logistica,2,prov,3,0.6558550215121255,0.648000695527147,0.007854325984978483
logistica,2,prov,4,0.6558550215121255,0.6355779419792825,0.020277079532842968
logistica,2,prov,5,0.6558550215121255,0.6327664370634769,0.023088584448648586
logistica,2,area,1,0.6558550215121255,0.6513194283090294,0.004535593203096044
logistica,2,area,2,0.6558550215121255,0.6552939336506375,0.0005610878614880077
logistica,2,area,3,0.6558550215121255,0.6542720819652105,0.0015829395469150187
logistica,2,area,4,0.6558550215121255,0.6514280796036919,0.004426941908433624
logistica,2,area,5,0.6558550215121255,0.6535601992672152,0.0022948222449102884
logistica,2,mes,1,0.6558550215121255,0.6593779821665207,-0.0035229606543951686
logistica,2,mes,2,0.6558550215121255,0.6582871011133447,-0.0024320796012191614
logistica,2,mes,3,0.6558550215121255,0.6584664386444323,-0.002611417132306837
logistica,2,mes,4,0.6558550215121255,0.6602493184149221,-0.0043942969027965795
logistica,2,mes,5,0.6558550215121255,0.6587155818458047,-0.0028605603336792074
boosting,2,edad_limite_inferior,1,0.6888854929998496,0.6150141120692953,0.07387138093055423
boosting,2,edad_limite_inferior,2,0.6888854929998496,0.6031561898879736,0.08572930311187599
boosting,2,edad_limite_inferior,3,0.6888854929998496,0.6150366848944755,0.07384880810537409
boosting,2,edad_limite_inferior,4,0.6888854929998496,0.5987687144532392,0.09011677854661038
boosting,2,edad_limite_inferior,5,0.6888854929998496,0.6155304686434501,0.07335502435639951
boosting,2,edad_98_mas,1,0.6888854929998496,0.6888854929998496,0.0
boosting,2,edad_98_mas,2,0.6888854929998496,0.6888854929998496,0.0
boosting,2,edad_98_mas,3,0.6888854929998496,0.6888854929998496,0.0
boosting,2,edad_98_mas,4,0.6888854929998496,0.6888854929998496,0.0
boosting,2,edad_98_mas,5,0.6888854929998496,0.6888854929998496,0.0
boosting,2,p02,1,0.6888854929998496,0.6747909774316134,0.014094515568236154
boosting,2,p02,2,0.6888854929998496,0.6705322699227004,0.01835322307714915
boosting,2,p02,3,0.6888854929998496,0.6787550089574266,0.010130484042423005
boosting,2,p02,4,0.6888854929998496,0.6679133658762817,0.020972127123567885
boosting,2,p02,5,0.6888854929998496,0.6718028417504028,0.017082651249446745
boosting,2,p06,1,0.6888854929998496,0.6528461199236205,0.036039373076229064
boosting,2,p06,2,0.6888854929998496,0.666648749124911,0.02223674387493857
boosting,2,p06,3,0.6888854929998496,0.6618042811230959,0.02708121187675372
boosting,2,p06,4,0.6888854929998496,0.6541098578842759,0.03477563511557369
boosting,2,p06,5,0.6888854929998496,0.6610999957217213,0.02778549727812829
boosting,2,p07,1,0.6888854929998496,0.6906164418825376,-0.0017309488826879882
boosting,2,p07,2,0.6888854929998496,0.6911301909025531,-0.0022446979027035407
boosting,2,p07,3,0.6888854929998496,0.6902452496888845,-0.0013597566890348745
boosting,2,p07,4,0.6888854929998496,0.688344264373518,0.0005412286263315469
boosting,2,p07,5,0.6888854929998496,0.686738346858944,0.002147146140905609
boosting,2,p10a,1,0.6888854929998496,0.6407799952424751,0.048105497757374494
boosting,2,p10a,2,0.6888854929998496,0.6513325254842293,0.03755296751562032
boosting,2,p10a,3,0.6888854929998496,0.6483204671428492,0.04056502585700039
boosting,2,p10a,4,0.6888854929998496,0.6410171900432169,0.04786830295663269
boosting,2,p10a,5,0.6888854929998496,0.645624931905683,0.04326056109416654
boosting,2,p15,1,0.6888854929998496,0.6869515524567689,0.0019339405430807144
boosting,2,p15,2,0.6888854929998496,0.6877199367676097,0.001165556232239906
boosting,2,p15,3,0.6888854929998496,0.6880183817503944,0.0008671112494551547
boosting,2,p15,4,0.6888854929998496,0.6893529921407777,-0.0004674991409281404
boosting,2,p15,5,0.6888854929998496,0.6896374245269624,-0.0007519315271128368
boosting,2,prov,1,0.6888854929998496,0.6551599371839899,0.033725555815859676
boosting,2,prov,2,0.6888854929998496,0.6636459362051124,0.025239556794737217
boosting,2,prov,3,0.6888854929998496,0.6736257305739813,0.01525976242586824
boosting,2,prov,4,0.6888854929998496,0.6659052088531134,0.02298028414673614
boosting,2,prov,5,0.6888854929998496,0.6710753226951357,0.01781017030471388
boosting,2,area,1,0.6888854929998496,0.6884827251916354,0.00040276780821413283
boosting,2,area,2,0.6888854929998496,0.6887565008099278,0.00012899218992179495
boosting,2,area,3,0.6888854929998496,0.6887684444138622,0.00011704858598737822
boosting,2,area,4,0.6888854929998496,0.6870523490717492,0.0018331439281004114
boosting,2,area,5,0.6888854929998496,0.6884141174493161,0.00047137555053344826
boosting,2,mes,1,0.6888854929998496,0.6890478784956202,-0.00016238549577063388
boosting,2,mes,2,0.6888854929998496,0.6834376137401837,0.005447879259665833
boosting,2,mes,3,0.6888854929998496,0.6881348920221215,0.0007506009777280553
boosting,2,mes,4,0.6888854929998496,0.6969992243814649,-0.008113731381615308
boosting,2,mes,5,0.6888854929998496,0.6882105262271172,0.0006749667727323772
logistica,3,edad_limite_inferior,1,0.6588612973907589,0.660739094034574,-0.001877796643815044
logistica,3,edad_limite_inferior,2,0.6588612973907589,0.6637201671480029,-0.004858869757243922
logistica,3,edad_limite_inferior,3,0.6588612973907589,0.6615222146092523,-0.002660917218493375
logistica,3,edad_limite_inferior,4,0.6588612973907589,0.6554488222878034,0.0034124751029555034
logistica,3,edad_limite_inferior,5,0.6588612973907589,0.6560075512461011,0.0028537461446578316
logistica,3,edad_98_mas,1,0.6588612973907589,0.6588612973907589,0.0
logistica,3,edad_98_mas,2,0.6588612973907589,0.6588612973907589,0.0
logistica,3,edad_98_mas,3,0.6588612973907589,0.6588612973907589,0.0
logistica,3,edad_98_mas,4,0.6588612973907589,0.6588612973907589,0.0
logistica,3,edad_98_mas,5,0.6588612973907589,0.6588612973907589,0.0
logistica,3,p02,1,0.6588612973907589,0.6615333359847533,-0.0026720385939943414
logistica,3,p02,2,0.6588612973907589,0.6598646998633255,-0.0010034024725665835
logistica,3,p02,3,0.6588612973907589,0.6555139172243091,0.003347380166449865
logistica,3,p02,4,0.6588612973907589,0.6552741781347968,0.0035871192559621123
logistica,3,p02,5,0.6588612973907589,0.6621166083561532,-0.0032553109653942203
logistica,3,p06,1,0.6588612973907589,0.6099876307844574,0.04887366660630155
logistica,3,p06,2,0.6588612973907589,0.6076780742087954,0.051183223181963555
logistica,3,p06,3,0.6588612973907589,0.629793185279822,0.02906811211093696
logistica,3,p06,4,0.6588612973907589,0.6241403842984516,0.03472091309230729
logistica,3,p06,5,0.6588612973907589,0.6182367371199093,0.0406245602708496
logistica,3,p07,1,0.6588612973907589,0.6571576497124748,0.0017036476782841259
logistica,3,p07,2,0.6588612973907589,0.6546768168075227,0.004184480583236283
logistica,3,p07,3,0.6588612973907589,0.6562457743139671,0.0026155230767918036
logistica,3,p07,4,0.6588612973907589,0.6603996747169635,-0.001538377326204543
logistica,3,p07,5,0.6588612973907589,0.6582473747750097,0.0006139226157492184
logistica,3,p10a,1,0.6588612973907589,0.5915710121255294,0.06729028526522951
logistica,3,p10a,2,0.6588612973907589,0.5788386139789922,0.08002268341176677
logistica,3,p10a,3,0.6588612973907589,0.5917838764366025,0.06707742095415647
logistica,3,p10a,4,0.6588612973907589,0.5976145530832041,0.061246744307554835
logistica,3,p10a,5,0.6588612973907589,0.5922575777688825,0.06660371962187639
logistica,3,p15,1,0.6588612973907589,0.6607577640448672,-0.001896466654108253
logistica,3,p15,2,0.6588612973907589,0.6572174968448165,0.0016438005459424865
logistica,3,p15,3,0.6588612973907589,0.6579417980901865,0.0009194993005724461
logistica,3,p15,4,0.6588612973907589,0.6574343414846117,0.0014269559061472759
logistica,3,p15,5,0.6588612973907589,0.6601452702324213,-0.001283972841662373
logistica,3,prov,1,0.6588612973907589,0.6366677637368192,0.022193533653939723
logistica,3,prov,2,0.6588612973907589,0.6344789101233225,0.024382387267436467
logistica,3,prov,3,0.6588612973907589,0.6239925528708722,0.03486874451988675
logistica,3,prov,4,0.6588612973907589,0.6196162196608395,0.039245077729919475
logistica,3,prov,5,0.6588612973907589,0.6256450677267416,0.03321622966401738
logistica,3,area,1,0.6588612973907589,0.6549103039313227,0.0039509934594362806
logistica,3,area,2,0.6588612973907589,0.6508435167747019,0.008017780616057069
logistica,3,area,3,0.6588612973907589,0.6487145686667853,0.010146728723973597
logistica,3,area,4,0.6588612973907589,0.656428921865487,0.002432375525271979
logistica,3,area,5,0.6588612973907589,0.6519123517280114,0.006948945662747508
logistica,3,mes,1,0.6588612973907589,0.6631786290614543,-0.004317331670695368
logistica,3,mes,2,0.6588612973907589,0.6606638888969253,-0.0018025915061663511
logistica,3,mes,3,0.6588612973907589,0.6616138838108196,-0.0027525864200607097
logistica,3,mes,4,0.6588612973907589,0.6619568266225786,-0.0030955292318196603
logistica,3,mes,5,0.6588612973907589,0.6631010674382154,-0.004239770047456459
boosting,3,edad_limite_inferior,1,0.6857708839700821,0.6031626799559946,0.08260820401408753
boosting,3,edad_limite_inferior,2,0.6857708839700821,0.6372277679759014,0.04854311599418071
boosting,3,edad_limite_inferior,3,0.6857708839700821,0.6090593540336005,0.07671152993648167
boosting,3,edad_limite_inferior,4,0.6857708839700821,0.6085856836929313,0.07718520027715081
boosting,3,edad_limite_inferior,5,0.6857708839700821,0.6195398570082647,0.06623102696181737
boosting,3,edad_98_mas,1,0.6857708839700821,0.6857708839700821,0.0
boosting,3,edad_98_mas,2,0.6857708839700821,0.6857708839700821,0.0
boosting,3,edad_98_mas,3,0.6857708839700821,0.6857708839700821,0.0
boosting,3,edad_98_mas,4,0.6857708839700821,0.6857708839700821,0.0
boosting,3,edad_98_mas,5,0.6857708839700821,0.6857708839700821,0.0
boosting,3,p02,1,0.6857708839700821,0.6729186881300733,0.012852195840008851
boosting,3,p02,2,0.6857708839700821,0.6751957959134953,0.010575088056586801
boosting,3,p02,3,0.6857708839700821,0.6635119705251611,0.022258913444921036
boosting,3,p02,4,0.6857708839700821,0.6736666516142891,0.012104232355793054
boosting,3,p02,5,0.6857708839700821,0.670641314308389,0.015129569661693099
boosting,3,p06,1,0.6857708839700821,0.6576985464419993,0.028072337528082802
boosting,3,p06,2,0.6857708839700821,0.6547486171014409,0.03102226686864118
boosting,3,p06,3,0.6857708839700821,0.6602855460118009,0.02548533795828123
boosting,3,p06,4,0.6857708839700821,0.658721288504758,0.02704959546532415
boosting,3,p06,5,0.6857708839700821,0.6630054168725268,0.022765467097555336
boosting,3,p07,1,0.6857708839700821,0.6866071389262536,-0.0008362549561714561
boosting,3,p07,2,0.6857708839700821,0.6833733375065776,0.0023975464635045407
boosting,3,p07,3,0.6857708839700821,0.6850075751981717,0.0007633087719104426
boosting,3,p07,4,0.6857708839700821,0.6852100676452896,0.0005608163247925457
boosting,3,p07,5,0.6857708839700821,0.6857551567640533,1.5727206028826046e-05
boosting,3,p10a,1,0.6857708839700821,0.643536542112883,0.0422343418571991
boosting,3,p10a,2,0.6857708839700821,0.642752109476729,0.04301877449335312
boosting,3,p10a,3,0.6857708839700821,0.6483132890196109,0.037457594950471185
boosting,3,p10a,4,0.6857708839700821,0.6443780168176939,0.04139286715238821
boosting,3,p10a,5,0.6857708839700821,0.6500133626068165,0.0357575213632656
boosting,3,p15,1,0.6857708839700821,0.6853682857304242,0.0004025982396579364
boosting,3,p15,2,0.6857708839700821,0.6880700848686143,-0.0022992008985321943
boosting,3,p15,3,0.6857708839700821,0.6869755462639914,-0.0012046622939092533
boosting,3,p15,4,0.6857708839700821,0.6848313101189639,0.0009395738511182028
boosting,3,p15,5,0.6857708839700821,0.6858480957281177,-7.72117580355447e-05
boosting,3,prov,1,0.6857708839700821,0.6688364838121068,0.016934400157975316
boosting,3,prov,2,0.6857708839700821,0.6600560648291657,0.025714819140916445
boosting,3,prov,3,0.6857708839700821,0.663053432787602,0.02271745118248014
boosting,3,prov,4,0.6857708839700821,0.6578213802003764,0.02794950376970573
boosting,3,prov,5,0.6857708839700821,0.6603075180988983,0.025463365871183807
boosting,3,area,1,0.6857708839700821,0.6823375367672506,0.003433347202831505
boosting,3,area,2,0.6857708839700821,0.681291329611022,0.004479554359060112
boosting,3,area,3,0.6857708839700821,0.681890553443682,0.003880330526400133
boosting,3,area,4,0.6857708839700821,0.6835932703798703,0.0021776135902118465
boosting,3,area,5,0.6857708839700821,0.6816803066758661,0.0040905772942160246
boosting,3,mes,1,0.6857708839700821,0.695708312289058,-0.009937428318975927
boosting,3,mes,2,0.6857708839700821,0.6926570015151929,-0.006886117545110815
boosting,3,mes,3,0.6857708839700821,0.6911103943975524,-0.005339510427470273
boosting,3,mes,4,0.6857708839700821,0.692691438025796,-0.006920554055713901
boosting,3,mes,5,0.6857708839700821,0.6935175740901062,-0.007746690120024047
logistica,4,edad_limite_inferior,1,0.6560196906588891,0.6551659422813669,0.0008537483775221677
logistica,4,edad_limite_inferior,2,0.6560196906588891,0.6537832061417463,0.002236484517142756
logistica,4,edad_limite_inferior,3,0.6560196906588891,0.6517733786981174,0.0042463119607717426
logistica,4,edad_limite_inferior,4,0.6560196906588891,0.6509034815210331,0.005116209137856043
logistica,4,edad_limite_inferior,5,0.6560196906588891,0.6525635106066847,0.003456180052204383
logistica,4,edad_98_mas,1,0.6560196906588891,0.6560196906588891,0.0
logistica,4,edad_98_mas,2,0.6560196906588891,0.6560196906588891,0.0
logistica,4,edad_98_mas,3,0.6560196906588891,0.6560196906588891,0.0
logistica,4,edad_98_mas,4,0.6560196906588891,0.6560196906588891,0.0
logistica,4,edad_98_mas,5,0.6560196906588891,0.6560196906588891,0.0
logistica,4,p02,1,0.6560196906588891,0.6516324337005883,0.004387256958300778
logistica,4,p02,2,0.6560196906588891,0.6511423191576658,0.004877371501223249
logistica,4,p02,3,0.6560196906588891,0.6414833680657634,0.01453632259312565
logistica,4,p02,4,0.6560196906588891,0.6466472677890223,0.009372422869866837
logistica,4,p02,5,0.6560196906588891,0.6493970267383908,0.006622663920498262
logistica,4,p06,1,0.6560196906588891,0.6095437952112995,0.046475895447589566
logistica,4,p06,2,0.6560196906588891,0.6047174733914188,0.05130221726747031
logistica,4,p06,3,0.6560196906588891,0.6273690920784323,0.02865059858045682
logistica,4,p06,4,0.6560196906588891,0.6012421859262221,0.05477750473266696
logistica,4,p06,5,0.6560196906588891,0.594807294258818,0.061212396400071145
logistica,4,p07,1,0.6560196906588891,0.6528569484027337,0.0031627422561554264
logistica,4,p07,2,0.6560196906588891,0.651692382175815,0.004327308483074055
logistica,4,p07,3,0.6560196906588891,0.6526738626314506,0.0033458280274385466
logistica,4,p07,4,0.6560196906588891,0.6518667098976071,0.00415298076128201
logistica,4,p07,5,0.6560196906588891,0.6482951191576866,0.007724571501202537
logistica,4,p10a,1,0.6560196906588891,0.5984174925354997,0.0576021981233894
logistica,4,p10a,2,0.6560196906588891,0.5945475835052522,0.061472107153636935
logistica,4,p10a,3,0.6560196906588891,0.6092265166713965,0.04679317398749261
logistica,4,p10a,4,0.6560196906588891,0.5993111643382836,0.05670852632060552
logistica,4,p10a,5,0.6560196906588891,0.601904452869759,0.05411523778913008
logistica,4,p15,1,0.6560196906588891,0.6581227627249893,-0.0021030720661001645
logistica,4,p15,2,0.6560196906588891,0.6613468857891709,-0.005327195130281792
logistica,4,p15,3,0.6560196906588891,0.6594182534384425,-0.0033985627795534157
logistica,4,p15,4,0.6560196906588891,0.658546400567629,-0.0025267099087399325
logistica,4,p15,5,0.6560196906588891,0.6542385867619457,0.0017811038969434145
logistica,4,prov,1,0.6560196906588891,0.6200771181799432,0.035942572478945944
logistica,4,prov,2,0.6560196906588891,0.6053596230317737,0.05066006762711539
logistica,4,prov,3,0.6560196906588891,0.6088203803655854,0.04719931029330371
logistica,4,prov,4,0.6560196906588891,0.6309651216254183,0.025054569033470808
logistica,4,prov,5,0.6560196906588891,0.615921480248979,0.04009821040991013
logistica,4,area,1,0.6560196906588891,0.6563914945974147,-0.00037180393852564997
logistica,4,area,2,0.6560196906588891,0.6576331969560938,-0.001613506297204692
logistica,4,area,3,0.6560196906588891,0.6484432085418986,0.007576482116990468
logistica,4,area,4,0.6560196906588891,0.6543727296603857,0.0016469609985033662
logistica,4,area,5,0.6560196906588891,0.6577251553269303,-0.0017054646680412233
logistica,4,mes,1,0.6560196906588891,0.6654003514765285,-0.009380660817639441
logistica,4,mes,2,0.6560196906588891,0.6654935484719282,-0.00947385781303911
logistica,4,mes,3,0.6560196906588891,0.6589635895079407,-0.0029438988490515516
logistica,4,mes,4,0.6560196906588891,0.6608887268566325,-0.0048690361977433705
logistica,4,mes,5,0.6560196906588891,0.6564984230252192,-0.0004787323663301146
boosting,4,edad_limite_inferior,1,0.6733903361463027,0.6153971106591125,0.057993225487190214
boosting,4,edad_limite_inferior,2,0.6733903361463027,0.6078981502577697,0.065492185888533
boosting,4,edad_limite_inferior,3,0.6733903361463027,0.6213129021528438,0.05207743399345888
boosting,4,edad_limite_inferior,4,0.6733903361463027,0.6015782550397639,0.0718120811065388
boosting,4,edad_limite_inferior,5,0.6733903361463027,0.6401461906970546,0.03324414544924814
boosting,4,edad_98_mas,1,0.6733903361463027,0.6733903361463027,0.0
boosting,4,edad_98_mas,2,0.6733903361463027,0.6733903361463027,0.0
boosting,4,edad_98_mas,3,0.6733903361463027,0.6733903361463027,0.0
boosting,4,edad_98_mas,4,0.6733903361463027,0.6733903361463027,0.0
boosting,4,edad_98_mas,5,0.6733903361463027,0.6733903361463027,0.0
boosting,4,p02,1,0.6733903361463027,0.6603409658441796,0.013049370302123164
boosting,4,p02,2,0.6733903361463027,0.65858622670401,0.014804109442292712
boosting,4,p02,3,0.6733903361463027,0.6340079928385084,0.03938234330779433
boosting,4,p02,4,0.6733903361463027,0.6372414585696451,0.036148877576657634
boosting,4,p02,5,0.6733903361463027,0.6554282536782214,0.017962082468081286
boosting,4,p06,1,0.6733903361463027,0.6260986330909653,0.047291703055337475
boosting,4,p06,2,0.6733903361463027,0.6277691353420064,0.045621200804296325
boosting,4,p06,3,0.6733903361463027,0.650161342806195,0.02322899334010775
boosting,4,p06,4,0.6733903361463027,0.6210698156833168,0.052320520462985964
boosting,4,p06,5,0.6733903361463027,0.6276628221872494,0.04572751395905328
boosting,4,p07,1,0.6733903361463027,0.6705197194603658,0.002870616685936911
boosting,4,p07,2,0.6733903361463027,0.6713508603023239,0.0020394758439787886
boosting,4,p07,3,0.6733903361463027,0.673384537692855,5.798453447725116e-06
boosting,4,p07,4,0.6733903361463027,0.6702499790166715,0.0031403571296312327
boosting,4,p07,5,0.6733903361463027,0.6776636354075197,-0.004273299261217001
boosting,4,p10a,1,0.6733903361463027,0.6269253513484653,0.04646498479783745
boosting,4,p10a,2,0.6733903361463027,0.6277732842881363,0.045617051858166446
boosting,4,p10a,3,0.6733903361463027,0.6214273615725594,0.051962974573743326
boosting,4,p10a,4,0.6733903361463027,0.6284388564946732,0.04495147965162949
boosting,4,p10a,5,0.6733903361463027,0.6333570315615371,0.04003330458476562
boosting,4,p15,1,0.6733903361463027,0.6756294036758455,-0.0022390675295427265
boosting,4,p15,2,0.6733903361463027,0.6759409542571797,-0.0025506181108769788
boosting,4,p15,3,0.6733903361463027,0.6758288443279415,-0.002438508181638821
boosting,4,p15,4,0.6733903361463027,0.6753773560980573,-0.001987019951754543
boosting,4,p15,5,0.6733903361463027,0.6745841857016257,-0.0011938495553229789
boosting,4,prov,1,0.6733903361463027,0.6576205281870746,0.01576980795922811
boosting,4,prov,2,0.6733903361463027,0.6483110071755085,0.025079328970794235
boosting,4,prov,3,0.6733903361463027,0.6459652237722932,0.027425112374009575
boosting,4,prov,4,0.6733903361463027,0.6509813722386829,0.022408963907619817
boosting,4,prov,5,0.6733903361463027,0.6629630877237328,0.010427248422569924
boosting,4,area,1,0.6733903361463027,0.6754775382551386,-0.0020872021088358395
boosting,4,area,2,0.6733903361463027,0.6733163212290408,7.401491726188869e-05
boosting,4,area,3,0.6733903361463027,0.6726656095210832,0.0007247266252194962
boosting,4,area,4,0.6733903361463027,0.6718245228880507,0.0015658132582520023
boosting,4,area,5,0.6733903361463027,0.675499477822597,-0.0021091416762942794
boosting,4,mes,1,0.6733903361463027,0.6701173636476117,0.0032729724986910735
boosting,4,mes,2,0.6733903361463027,0.6868288046127539,-0.013438468466451137
boosting,4,mes,3,0.6733903361463027,0.6814439128290439,-0.008053576682741204
boosting,4,mes,4,0.6733903361463027,0.6709759059898834,0.0024144301564192894
boosting,4,mes,5,0.6733903361463027,0.6582589250675157,0.015131411078787016
logistica,5,edad_limite_inferior,1,0.6809529998938124,0.6763590626569689,0.004593937236843537
logistica,5,edad_limite_inferior,2,0.6809529998938124,0.6806513533788323,0.00030164651498010286
logistica,5,edad_limite_inferior,3,0.6809529998938124,0.6750727758141893,0.005880224079623075
logistica,5,edad_limite_inferior,4,0.6809529998938124,0.6782493596944215,0.0027036401993909553
logistica,5,edad_limite_inferior,5,0.6809529998938124,0.6763222913751702,0.004630708518642224
logistica,5,edad_98_mas,1,0.6809529998938124,0.6809529998938124,0.0
logistica,5,edad_98_mas,2,0.6809529998938124,0.6809529998938124,0.0
logistica,5,edad_98_mas,3,0.6809529998938124,0.6809529998938124,0.0
logistica,5,edad_98_mas,4,0.6809529998938124,0.6809529998938124,0.0
logistica,5,edad_98_mas,5,0.6809529998938124,0.6809529998938124,0.0
logistica,5,p02,1,0.6809529998938124,0.6766249497555085,0.004328050138303952
logistica,5,p02,2,0.6809529998938124,0.6671155388758886,0.013837461017923824
logistica,5,p02,3,0.6809529998938124,0.6760434871273311,0.004909512766481328
logistica,5,p02,4,0.6809529998938124,0.6752319092134419,0.005721090680370522
logistica,5,p02,5,0.6809529998938124,0.6766048964240543,0.004348103469758113
logistica,5,p06,1,0.6809529998938124,0.6230732786314788,0.05787972126233365
logistica,5,p06,2,0.6809529998938124,0.6396221666623905,0.04133083323142195
logistica,5,p06,3,0.6809529998938124,0.6260224662332741,0.05493053366053835
logistica,5,p06,4,0.6809529998938124,0.6160046033412228,0.06494839655258966
logistica,5,p06,5,0.6809529998938124,0.6081182931143888,0.07283470677942361
logistica,5,p07,1,0.6809529998938124,0.6777340176557599,0.0032189822380525035
logistica,5,p07,2,0.6809529998938124,0.677666586566762,0.003286413327050375
logistica,5,p07,3,0.6809529998938124,0.6780408047996976,0.002912195094114778
logistica,5,p07,4,0.6809529998938124,0.6790897982133258,0.0018632016804865925
logistica,5,p07,5,0.6809529998938124,0.6792757119723516,0.0016772879214608238
logistica,5,p10a,1,0.6809529998938124,0.6048889838055189,0.0760640160882935
logistica,5,p10a,2,0.6809529998938124,0.6135309508736568,0.06742204902015558
logistica,5,p10a,3,0.6809529998938124,0.6157005617333922,0.06525243816042026
logistica,5,p10a,4,0.6809529998938124,0.6041343938907204,0.07681860600309198
logistica,5,p10a,5,0.6809529998938124,0.6095874203859546,0.07136557950785782
logistica,5,p15,1,0.6809529998938124,0.6840217440563546,-0.003068744162542214
logistica,5,p15,2,0.6809529998938124,0.6804274103008842,0.000525589592928255
logistica,5,p15,3,0.6809529998938124,0.6816201433203944,-0.0006671434265820286
logistica,5,p15,4,0.6809529998938124,0.6869917738205437,-0.006038773926731245
logistica,5,p15,5,0.6809529998938124,0.6846974096190495,-0.003744409725237041
logistica,5,prov,1,0.6809529998938124,0.646231258878267,0.03472174101554537
logistica,5,prov,2,0.6809529998938124,0.6443076222471513,0.03664537764666109
logistica,5,prov,3,0.6809529998938124,0.6329876417859107,0.0479653581079017
logistica,5,prov,4,0.6809529998938124,0.6429271936533973,0.03802580624041507
logistica,5,prov,5,0.6809529998938124,0.6363244863301039,0.04462851356370856
logistica,5,area,1,0.6809529998938124,0.6740728315023142,0.006880168391498187
logistica,5,area,2,0.6809529998938124,0.6770481930022064,0.003904806891605994
logistica,5,area,3,0.6809529998938124,0.672911012928283,0.00804198696552938
logistica,5,area,4,0.6809529998938124,0.6706554406310148,0.010297559262797629
logistica,5,area,5,0.6809529998938124,0.6782305438372498,0.0027224560565626277
logistica,5,mes,1,0.6809529998938124,0.679524293834984,0.0014287060588283884
logistica,5,mes,2,0.6809529998938124,0.6785638175213018,0.002389182372510623
logistica,5,mes,3,0.6809529998938124,0.6799128774943968,0.0010401223994156439
logistica,5,mes,4,0.6809529998938124,0.6785627321683775,0.002390267725434936
logistica,5,mes,5,0.6809529998938124,0.6793397817169617,0.0016132181768506726
boosting,5,edad_limite_inferior,1,0.6950675860244481,0.6048636410994812,0.09020394492496686
boosting,5,edad_limite_inferior,2,0.6950675860244481,0.6370980212839761,0.05796956474047199
boosting,5,edad_limite_inferior,3,0.6950675860244481,0.6246872499310601,0.07038033609338801
boosting,5,edad_limite_inferior,4,0.6950675860244481,0.6344226138641028,0.060644972160345256
boosting,5,edad_limite_inferior,5,0.6950675860244481,0.6269140805688695,0.06815350545557852
boosting,5,edad_98_mas,1,0.6950675860244481,0.6950675860244481,0.0
boosting,5,edad_98_mas,2,0.6950675860244481,0.6950675860244481,0.0
boosting,5,edad_98_mas,3,0.6950675860244481,0.6950675860244481,0.0
boosting,5,edad_98_mas,4,0.6950675860244481,0.6950675860244481,0.0
boosting,5,edad_98_mas,5,0.6950675860244481,0.6950675860244481,0.0
boosting,5,p02,1,0.6950675860244481,0.6859851069469256,0.009082479077522465
boosting,5,p02,2,0.6950675860244481,0.6757616747583278,0.019305911266120246
boosting,5,p02,3,0.6950675860244481,0.682909916771623,0.01215766925282502
boosting,5,p02,4,0.6950675860244481,0.67875085238515,0.016316733639298087
boosting,5,p02,5,0.6950675860244481,0.6820093250411433,0.01305826098330476
boosting,5,p06,1,0.6950675860244481,0.6597305257566977,0.03533706026775041
boosting,5,p06,2,0.6950675860244481,0.650350249130017,0.044717336894431026
boosting,5,p06,3,0.6950675860244481,0.6634532172775933,0.03161436874685475
boosting,5,p06,4,0.6950675860244481,0.6559499869983778,0.03911759902607026
boosting,5,p06,5,0.6950675860244481,0.65282540086711,0.04224218515733802
boosting,5,p07,1,0.6950675860244481,0.6931759736369437,0.001891612387504349
boosting,5,p07,2,0.6950675860244481,0.6946345570498966,0.0004330289745514415
boosting,5,p07,3,0.6950675860244481,0.694046770646394,0.0010208153780540963
boosting,5,p07,4,0.6950675860244481,0.6939859868872166,0.0010815991372314926
boosting,5,p07,5,0.6950675860244481,0.6992970587385875,-0.004229472714139426
boosting,5,p10a,1,0.6950675860244481,0.6362538056162403,0.05881378040820773
boosting,5,p10a,2,0.6950675860244481,0.641928750442812,0.053138835581636124
boosting,5,p10a,3,0.6950675860244481,0.6483400706954198,0.0467275153290283
boosting,5,p10a,4,0.6950675860244481,0.6347906797523966,0.06027690627205151
boosting,5,p10a,5,0.6950675860244481,0.6403318139319494,0.05473577209249869
boosting,5,p15,1,0.6950675860244481,0.6991494071292491,-0.004081821104801042
boosting,5,p15,2,0.6950675860244481,0.6972923290543862,-0.0022247430299381366
boosting,5,p15,3,0.6950675860244481,0.6991752033667014,-0.004107617342253289
boosting,5,p15,4,0.6950675860244481,0.7005630715240481,-0.005495485499599995
boosting,5,p15,5,0.6950675860244481,0.6994233160028281,-0.004355729978380074
boosting,5,prov,1,0.6950675860244481,0.6654353855000472,0.029632200524400854
boosting,5,prov,2,0.6950675860244481,0.662803335881809,0.03226425014263912
boosting,5,prov,3,0.6950675860244481,0.6599787537527646,0.03508883227168347
boosting,5,prov,4,0.6950675860244481,0.6623271593428282,0.032740426681619916
boosting,5,prov,5,0.6950675860244481,0.657581797759896,0.03748578826455207
boosting,5,area,1,0.6950675860244481,0.6872219362937633,0.0078456497306848
boosting,5,area,2,0.6950675860244481,0.689200224286018,0.005867361738430055
boosting,5,area,3,0.6950675860244481,0.6889104244273606,0.006157161597087457
boosting,5,area,4,0.6950675860244481,0.6865044960183221,0.008563090006125984
boosting,5,area,5,0.6950675860244481,0.6920056696716222,0.003061916352825822
boosting,5,mes,1,0.6950675860244481,0.6948712453817408,0.00019634064270723783
boosting,5,mes,2,0.6950675860244481,0.6966558161760997,-0.0015882301516516595
boosting,5,mes,3,0.6950675860244481,0.6957459700106388,-0.0006783839861906893
boosting,5,mes,4,0.6950675860244481,0.692554812564474,0.002512773459974027
boosting,5,mes,5,0.6950675860244481,0.697397917903886,-0.0023303318794379857
