modelo,variable,caida_auc_media,caida_auc_de,minimo,maximo
boosting,area,0.0025451949261798435,0.0026964494728747733,-0.0021091416762942794,0.008563090006125984
boosting,edad_98_mas,0.0,0.0,0.0,0.0
boosting,edad_limite_inferior,0.066689666470762,0.01488144460181683,0.03324414544924814,0.09020394492496686
boosting,mes,-0.0033877155599897034,0.006657373495812785,-0.013438468466451137,0.015131411078787016
boosting,p02,0.017709759332208957,0.007247071798601025,0.009082479077522465,0.03938234330779433
boosting,p06,0.03427336184262071,0.008685518151392485,0.02223674387493857,0.052320520462985964
boosting,p07,0.00022868756435473258,0.0019141172890470338,-0.004273299261217001,0.0031403571296312327
boosting,p10a,0.04463165318614326,0.007391131029765581,0.02644462522566038,0.06027690627205151
boosting,p15,-0.0008464732695766575,0.002275680069523057,-0.005495485499599995,0.0023898743781576304
boosting,prov,0.027216676900956204,0.008424261482734273,0.010427248422569924,0.049186076695233893
logistica,area,0.004817891822171125,0.003569139097370886,-0.0017054646680412233,0.010297559262797629
logistica,edad_98_mas,0.0,0.0,0.0,0.0
logistica,edad_limite_inferior,0.0022264329828745487,0.0025708562508786202,-0.004858869757243922,0.005880224079623075
logistica,mes,-0.002684269854779484,0.0030374081719772776,-0.00947385781303911,0.002390267725434936
logistica,p02,0.005965346769712059,0.005605069358095454,-0.0035112235393612856,0.015525334349985487
logistica,p06,0.05274396986133854,0.011551717416380636,0.02865059858045682,0.07283470677942361
logistica,p07,0.0016442570048462058,0.002301194464805381,-0.002017956783758046,0.007724571501202537
logistica,p10a,0.06288569108089682,0.008495459201894855,0.04679317398749261,0.08002268341176677
logistica,p15,-0.0005862582804495542,0.002339208157047901,-0.006038773926731245,0.002560128662120409
logistica,prov,0.0378245999428427,0.014909631791710462,0.007854325984978483,0.07192765130482681
