termino,coeficiente_logit,error_estandar,estadistico_t,grados_libertad,valor_p,razon_momios,ic95_inferior,ic95_superior
Intercepto,1.183526602850538,0.11395182444512186,10.386201437437391,7630,4.209798401109386e-25,3.2658713492490987,2.6120874638849587,4.083291933104992
edad_decadas_c40,0.26272187928441704,0.029816951950688054,8.811158153218088,7630,1.5146300162882132e-18,1.3004649823993462,1.2266323105158448,1.3787417435105023
edad_decadas_c40_cuadrado,-0.2381137276039964,0.018175902464141504,-13.100517461169328,7630,8.557466730300239e-39,0.7881130557873497,0.7605271301387382,0.8166995812354081
p02[2],-0.31445895370876575,0.05306344465226279,-5.926093863100843,7630,3.2371217139801036e-09,0.7301838306680769,0.6580476756768753,0.8102276571688877
area[2],-0.22298803227287753,0.08315303953043061,-2.6816582235851163,7630,0.007341593198699719,0.8001244249080363,0.679776743973946,0.9417784603689718
p10a[8],-0.14757839127792607,0.06751610990738033,-2.185824856917504,7630,0.028858711565053343,0.8627948000833195,0.7558377592294296,0.9848871109717251
p10a[10],1.057767278600182,0.08935226483670498,11.838169749063397,7630,4.722143407562315e-32,2.879933715985487,2.417205866323371,3.4312419657848103
p06[1],0.5295685339736929,0.07929160272236578,6.678746749866332,7630,2.57906937511802e-11,1.6981994351627545,1.453733669861377,1.983775557638488
p06[2],0.02952288925684276,0.16595807413895838,0.1778936602513412,7630,0.8588112122740618,1.0299630102899666,0.7439357795539367,1.4259615301762192
p06[3],0.2619467024935344,0.143670786144963,1.823242633538816,7630,0.06830575900256415,1.2994572827507849,0.9805049938837539,1.7221628040930181
p06[4],0.09023138151825566,0.2154786864600566,0.41874852218844344,7630,0.6754117166999337,1.0944274847040965,0.7173681659300544,1.6696747585988112
p06[5],0.2003390660417061,0.09463918558881977,2.1168722532347446,7630,0.034302968454186566,1.2218169645764048,1.0149306058713998,1.470875630600359
p07[1],0.3925582749028429,0.13897428374096715,2.824682843010931,7630,0.004745024765090002,1.4807641541539938,1.127643963718579,1.9444634572394208
p15[1],-0.07237654251049833,0.1514825173935199,-0.47778808905373027,7630,0.6328147266052188,0.93018057733064,0.6912014759029068,1.251785386182686
p15[2],0.1889664442902084,0.1968027529783405,0.9601819152956944,7630,0.33699409256641555,1.2080004164913947,0.8213375888236534,1.7766933184360771
p15[3],-0.5665107319973305,0.30874584454791143,-1.8348772687997066,7630,0.06656278504534173,0.567502155158691,0.30982815436678424,1.0394752431972205
p15[4],-0.14764382212912147,0.48289557433867086,-0.30574689430798946,7630,0.7598057064986549,0.8627383485319998,0.3347899635142536,2.2232370714304084
p15[5],-0.18223721464106707,0.25556840356058363,-0.7130662949806583,7630,0.47582654197972984,0.8334036214248225,0.5049875248364096,1.375403474430406
p15[7],-0.34745607033479037,0.1746519650354758,-1.9894197598304382,7630,0.046690533243426445,0.706483048811693,0.5016653867578343,0.9949227342232424
p15[8],0.09593839286486096,0.7209789364098355,0.1330668456731799,7630,0.8941440243480325,1.100691251470457,0.26783650160693173,4.523361169201614
prov[1],0.09914051841431475,0.10180454103372051,0.9738319863499668,7630,0.33017084009833764,1.1042214521052338,0.9044535110828433,1.348112424075392
prov[2],-0.44148135332848115,0.14996867389316065,-2.9438238124516416,7630,0.0032516181605180025,0.643083081877544,0.47928436801346574,0.8628611275415119
prov[3],-0.05846441132822991,0.15995014558847265,-0.36551646210219735,7630,0.7147360528789145,0.9432118074577849,0.6893468840898601,1.2905672517869988
prov[4],-0.27545980706345075,0.211851313963701,-1.300250642347437,7630,0.19355435268180832,0.7592229468805362,0.5012017169691009,1.1500748372446252
prov[5],-0.7628450351357218,0.13491965751353185,-5.654068867312472,7630,1.623489110049037e-08,0.46633779049823787,0.35796335449186006,0.6075228989723963
prov[6],-1.1713149882885314,0.12000934717491832,-9.760197983422858,7630,2.2543460186606474e-22,0.30995908059734706,0.24498303764799678,0.3921685050815529
prov[7],-0.24132891744253615,0.1296979547793712,-1.8606994832960937,7630,0.06282506693494314,0.785583191874495,0.6092219858933842,1.012998489295692
prov[8],-0.42318199685300223,0.1358611314412344,-3.114812841346357,7630,0.001847438845987013,0.6549594217104899,0.5018233222006434,0.8548264401227332
prov[9],-0.14656029365696943,0.10109380180657564,-1.4497455930818148,7630,0.14717057740220002,0.8636736567216716,0.7084102240351938,1.052966431040563
prov[10],-0.5189221259220189,0.10923812971335238,-4.75037541638348,7630,2.0674880558250042e-06,0.5951617117425074,0.4804371334506062,0.7372816097294626
prov[11],-0.6572385616429396,0.1202421525306078,-5.46595805057331,7630,4.7495661653260024e-08,0.5182805600425728,0.4094476425907585,0.6560417278712298
prov[12],-0.5598257368630856,0.211456921158466,-2.647469441038308,7630,0.008126339717464058,0.5713086132057549,0.3774415934073829,0.864752420570664
prov[13],-0.21930746871699658,0.19907561096165008,-1.1016290125024102,7630,0.2706577391564665,0.8030747598235364,0.5435952137987898,1.1864141800636774
prov[14],1.1644920684970996,0.6476552496830613,1.7980122434998547,7630,0.07221458438258921,3.2042949074596505,0.9002432345611739,11.405257445757725
prov[15],-0.30611689987214014,0.18911353116712523,-1.6186937972281612,7630,0.1055544935099582,0.7363005409858191,0.5082247961896645,1.0667297044941684
prov[16],-0.47908318231951014,0.1958761450631061,-2.4458475133108335,7630,0.014473643486752629,0.619350963500268,0.42187159768239285,0.9092710153896194
prov[18],-0.5908153073320552,0.08651414890419647,-6.829117720227576,7630,9.200018690994279e-12,0.5538755218227368,0.4674762068612208,0.656243225156231
prov[19],0.5586291024456909,0.1597831536192619,3.4961702143945415,7630,0.00047467182633168013,1.7482741519675913,1.2781454875543212,2.39132597986667
prov[20],0.7747479855378823,0.24234875507275438,3.196830886567991,7630,0.0013951310047867567,2.1700451754987955,1.349423943151436,3.4897083956491874
prov[21],0.08420345459458503,0.16942175222139666,0.4970049801193756,7630,0.6191998593421776,1.087850199416533,0.7804303648028775,1.5163659818252975
prov[22],0.03137066912210102,0.1514409904297154,0.20714780742708047,7630,0.8358999546557186,1.0318679145822482,0.7668260390466899,1.3885175240893042
prov[23],-0.23701266676917976,0.2389640920223525,-0.9918338138727965,7630,0.3213100518591218,0.788981294110375,0.493887268368762,1.2603918390366307
prov[24],-0.37421686123686776,0.18238081642901613,-2.051843327406726,7630,0.040218945470434024,0.6878277324811373,0.4810743695209265,0.9834383611857814
mes[02],0.12401021675926477,0.14073220267120906,0.8811786812502916,7630,0.37824887213034974,1.1320274365918943,0.8591054596053056,1.4916516975524308
mes[03],0.13812466909703952,0.1279580754107136,1.0794525367288752,7630,0.2804201624931613,1.1481186762709639,0.8934111941103744,1.4754421071640829
mes[04],0.0799547244840067,0.0988898198569715,0.8085233100803356,7630,0.4188146010495739,1.0832380224042841,0.8923502987730395,1.3149596238111285
mes[05],0.22295860193663522,0.1203052845462028,1.8532735513460241,7630,0.06388173837875366,1.2497688346556342,0.9872096672205629,1.5821584734618852
mes[06],0.1653215629714113,0.11817877651554849,1.3989107676170631,7630,0.16188039032078905,1.1797724288498845,0.9358113875271986,1.487332813455321
mes[07],0.29060842891549693,0.1142855230585807,2.5428280077655705,7630,0.011015515417008506,1.3372408565660299,1.0688436693819965,1.6730352246024816
mes[08],0.14557901280727875,0.12527110304015965,1.162111686368793,7630,0.2452264499132398,1.1567091258068378,0.9048493691835918,1.4786726357913245
mes[09],0.1332066074006357,0.1264789119176122,1.053192230870913,7630,0.2922862492747263,1.1424860200149993,0.8916096672739982,1.463952617203502
mes[10],0.16628142339851354,0.1020543967343608,1.6293411035619603,7630,0.10328211003057623,1.1809053893723234,0.9667906959806862,1.4424399660094136
mes[11],0.2614366611654827,0.12416093594739408,2.1056273389905114,7630,0.03526932822475064,1.2987946748256216,1.018210921866678,1.6566976165045169
mes[12],0.24409274229890335,0.15103191296426338,1.6161666598016253,7630,0.10609962733537073,1.2764627070860306,0.9493560817998281,1.716275983077283
