variable,terminos,grados_libertad_prueba,estadistico_wald,valor_p
edad,2,2,174.31468750423988,1.406198243475723e-38
p02,1,1,35.118588474281474,3.1022530895242703e-09
area,1,1,7.191290828121683,0.007325826194471585
p10a,2,2,159.69406343960338,2.1031716922886784e-35
p06,5,5,51.4834901903602,6.884550245294237e-10
p07,1,1,7.9788331636003145,0.004732743676746181
p15,7,7,9.721214471614052,0.20493009576998214
prov,23,23,247.0700597476425,1.887624545502975e-39
mes,11,11,10.94791160187774,0.4476373715736087
