archivo,bytes,sha256
models/boosting_congelado.joblib,630706,aa8c3f5006acd8e1e10b2b7f5af0232c32e010f91e4d959cdf230b48c45425a4
models/logistica_predictiva_congelada.joblib,6698,efea0b4dfb19c8d0047d5bc0bf41d5aa54211094b812bb6525c429d7386fda71
models/metadatos_modelos_congelados.json,1480,a7a95b3a8a257e57ec7e26909441e02e8a1167d859d7de2085c9cfc76da4c90e
reports/eda07_modelado/01_resultados_cv_por_pliegue.csv,3667,4223730cc1ebf4abf671919bfdf0242be99fb783e34ca43e5496d24fcb00d4ce
reports/eda07_modelado/02_resumen_seleccion_hiperparametros.csv,941,c90ea0e4fb18405bb60b1e2d93be00e5007aec0ce3eb6b5c4019550370d812c6
reports/eda07_modelado/03_metricas_oof_globales.csv,971,72fb6d2cf62bdaf11412e75dc278ad3ec9bdbe7b3560aac2c72747559de6bfed
reports/eda07_modelado/04_trayectoria_umbrales_oof.csv,64214,e7dd2651aa6d38743e159e42e30b8e6f8570c69be0dda3dcd592542c7bf3dd97
reports/eda07_modelado/05_calibracion_oof_deciles.csv,2247,4503c4724cd319119c98ec3a334d8ed4ebd99ec892140fb69c2e030840866fda
reports/eda07_modelado/06_metricas_oof_por_grupo.csv,2060,47667fe12176deb504f9651eea56a2a9ca126ebb77c95914a025f6717696aa37
reports/eda07_modelado/07_importancia_permutacion_detalle.csv,39344,7695af8deadc2185654fc3d645303b1ca9471f6f8a52dd3b62ddc3f8d4e2db54
reports/eda07_modelado/08_importancia_permutacion_resumen.csv,1962,fdb3d9638f40d98f834732650e908d7b79b8f5a562f77cab147677bc450cfae4
reports/eda07_modelado/09_asociaciones_ajustadas_or.csv,8247,0f0ed0523cf6b33be7f1756d543238b2c65bbd862570db64fd0ff07aa3e3d9f4
reports/eda07_modelado/10_pruebas_wald_ajustadas.csv,517,f21cebfd1fa3dbb8659480b2129e93c8a15cb95c8af49a4848383ce5053e77cb
reports/figures/eda07_modelado/01_seleccion_modelos.png,94400,1195d42f401d4ed6a57f97d8dac92414747acacff708b36a719b8b9c74838545
reports/figures/eda07_modelado/01_seleccion_modelos.svg,78597,3eec5e3f9ebe9ac415536ea3b6cdabe361e2acf1b016eee912276738a93bd1ad
reports/figures/eda07_modelado/02_calibracion_oof.png,110997,b372216fb74bd09a522d8047ed64ca33e02525448adda40866bd522cf0b6e20d
reports/figures/eda07_modelado/02_calibracion_oof.svg,61639,c58b49e40704a78ae4c246a9b6c1e06ce433ae5884cf28748c65a6c3220fbdba
reports/figures/eda07_modelado/03_importancia_permutacion.png,83544,d4b6d10d8d9547eca48803fcce27bd46c2da468a27d58f65743af52fdc01549d
reports/figures/eda07_modelado/03_importancia_permutacion.svg,82132,530aad2c0a5c7290667676d3846775e16316a908013e174536dcb8b1d5afc4a6
reports/figures/eda07_modelado/04_asociaciones_ajustadas.png,78511,a22dd74b2bfa00f64b67f5c4653812f6c11c97099d73edcc69bff6a3e0781525
reports/figures/eda07_modelado/04_asociaciones_ajustadas.svg,70628,1ddb7b3c212e4ec728792559a9dca83d7f843cdf9eece3d882b451af31adfcdb
