variable,codigo,etiqueta,n,upm_con_casos,estratos_con_casos,suma_pesos,porcentaje,error_estandar_pp,ic95_inferior,ic95_superior,cv_porcentaje,grados_libertad,metodo_ic,alerta_n_menor_100
total,total,Total del dominio,39551,6326,150,1382774.3486954877,68.85345472865704,0.6605005847137158,67.54418664309729,70.13326108958763,0.9592845955466824,7630,Taylor y logit,False
p02,1,Hombre,18198,5081,150,623521.0324456516,72.09837084263717,0.8472642712313093,70.40761254076678,73.7285729979963,1.1751503693204932,7630,Taylor y logit,False
p02,2,Mujer,21353,5575,150,759253.316249836,66.18863469786426,0.8463217075269638,64.510237630269,67.82724268812484,1.2786511028520617,7630,Taylor y logit,False
area,1,Urbana,35099,5149,81,1186533.3267561076,70.41085597061152,0.6883147238185225,69.04397906862009,71.74207958315533,0.9775690329710169,7630,Taylor y logit,False
area,2,Rural,4452,1177,69,196241.02193938004,59.43692979188221,1.8820423417059275,55.70094631751581,63.066752536137535,3.1664528236836578,7630,Taylor y logit,False
grupo_edad,15–19,15–19,11,8,8,206.27762089656497,2.9983003451882273,3.213763378622608,0.353052303801027,21.238756903403665,107.18617245200812,7630,Taylor y logit,True
grupo_edad,20–24,20–24,2411,1531,146,91633.75136453111,40.628429113588545,2.1431049278637415,36.50507151619051,44.88826958377854,5.27488995912707,7630,Taylor y logit,False
grupo_edad,25–29,25–29,6783,3199,146,239659.96504718548,57.55154842132018,1.5325632798279292,54.52299404906344,60.52444042918748,2.6629401325719773,7630,Taylor y logit,False
grupo_edad,30–34,30–34,6577,3003,149,250016.60517764994,68.96615420785808,1.5584830737807756,65.83155829410879,71.93577436388244,2.259779585626365,7630,Taylor y logit,False
grupo_edad,35–39,35–39,5290,2520,146,222023.82635068946,77.04047796599944,1.4730442863700473,74.02655187361029,79.80010457899397,1.9120393918378222,7630,Taylor y logit,False
grupo_edad,40–44,40–44,4769,2254,140,177225.538021938,76.63555439125615,1.323614009019886,73.94164222912623,79.12957713989994,1.7271539555416928,7630,Taylor y logit,False
grupo_edad,45–49,45–49,3935,1971,137,125839.14821143601,78.74522164014105,1.818149607162483,74.96397100298383,82.09180940009038,2.308901504489087,7630,Taylor y logit,False
grupo_edad,50–54,50–54,3600,1842,133,102286.14472266314,77.45360466036182,1.6729544179722415,74.00656179344445,80.5635818673205,2.159943911336646,7630,Taylor y logit,False
grupo_edad,55–59,55–59,2891,1522,137,83167.48011482565,78.40160816759976,1.963740699704758,74.30528270592932,82.00305569787835,2.504719922972566,7630,Taylor y logit,False
grupo_edad,60–64,60–64,1875,1062,118,50399.26929237971,68.78689959090022,2.476673725802707,63.73898652848508,73.42507879233338,3.600502044040876,7630,Taylor y logit,False
grupo_edad,65–69,65–69,889,575,101,27746.6948658384,52.352660409977105,4.817770412159944,42.93684166568894,61.60416228262735,9.202532162514128,7630,Taylor y logit,False
grupo_edad,70–74,70–74,339,236,69,7893.475048924349,43.197277508275995,5.389067292980089,33.08510475878372,53.9101209770544,12.475479020518408,7630,Taylor y logit,False
grupo_edad,75–79,75–79,128,97,38,3624.0379034504736,28.23399827629797,7.147054075372383,16.460974803231867,43.99299149991937,25.313644937678664,7630,Taylor y logit,False
grupo_edad,80–84,80–84,48,35,24,1014.8119101672798,47.13063506082491,14.466025605574112,22.219088832717997,73.55842839147442,30.69346633438068,7630,Taylor y logit,True
grupo_edad,85–89,85–89,5,5,4,37.32304291223197,12.770672642672084,12.829366780967655,1.5083081104995675,58.32684082895271,100.45960099313366,7630,Taylor y logit,True
p10a,10,Post-grado,7262,2780,140,217820.9889552762,85.58437393045988,1.0386925036810846,83.4264171546449,87.50344256703264,1.2136473704008823,7630,Taylor y logit,False
p10a,8,Superior no universitario,6425,3144,149,272034.9219952596,63.90758738543215,1.377129016555394,61.16654801046728,66.56092247162799,2.15487561476826,7630,Taylor y logit,False
p10a,9,Superior Universitario,25864,5689,150,892918.4377449518,66.27886713747655,0.804395426231061,64.68437947545311,67.83715991768827,1.213652949985661,7630,Taylor y logit,False
prov,1,Azuay,5075,645,9,86474.94800815622,76.71098720844945,1.487299936413703,73.66964204652817,79.49879615548629,1.9388356095225456,7630,Taylor y logit,False
prov,10,Imbabura,1477,266,6,36400.90108776472,62.6343354838983,1.9816356512496136,58.67585726175854,66.43056618389645,3.1638168361489876,7630,Taylor y logit,False
prov,11,Loja,1197,203,6,45980.13131048465,62.36718094928821,2.603354178848181,57.14399932575699,67.31785575516632,4.174237378093154,7630,Taylor y logit,False
prov,12,Los Ríos,389,88,6,50750.11635189827,60.133472568723455,5.522934414104845,48.98566406878882,70.32115452204621,9.184459466885048,7630,Taylor y logit,False
prov,13,Manabí,541,110,6,91749.99346276291,67.51466399603831,4.059326627812259,59.11546757560353,74.92039651380453,6.012511042120355,7630,Taylor y logit,False
prov,14,Morona Santiago,281,64,4,5500.937187030215,89.66263143205725,5.859876958780445,71.52391343880244,96.76923540523683,6.535472877818475,7630,Taylor y logit,False
prov,15,Napo,560,98,4,5546.529127760687,65.36824406142084,4.616135004280754,55.86160107234917,73.78809932605826,7.06173933621863,7630,Taylor y logit,False
prov,16,Pastaza,826,128,6,11334.878406406784,64.72954764455254,4.264100063022328,55.997141381298775,72.57764478399994,6.587563513401414,7630,Taylor y logit,False
prov,17,Pichincha,7560,1059,9,410170.3490863596,74.70983098663504,0.9658258628350503,72.77014219250216,76.55586251891148,1.2927694388812476,7630,Taylor y logit,False
prov,18,Tungurahua,5217,623,9,73371.52789547632,62.44771435035378,1.8708322174357108,58.71531572568638,66.03785829330997,2.9958377770876927,7630,Taylor y logit,False
prov,19,Zamora Chinchipe,582,103,6,6754.141591423473,83.65990834826276,2.220849852609439,78.82937771543075,87.56215542614572,2.6546166454837574,7630,Taylor y logit,False
prov,2,Bolívar,632,107,6,15883.397247889014,65.61047427117418,3.033855775864479,59.44526079728788,71.29108087858789,4.624041831072995,7630,Taylor y logit,False
prov,20,Galapagos,386,79,3,4602.338713866387,85.69949607159226,2.6502848958459158,79.68361114393154,90.15412658424094,3.0925326487706553,7630,Taylor y logit,False
prov,21,Sucumbíos,626,142,6,12337.251532430371,72.64221084755019,3.1596170141637394,66.03568043298134,78.3843230856995,4.349560644285231,7630,Taylor y logit,False
prov,22,Orellana,428,104,6,4662.179452170967,72.21495172560086,2.87259966207467,66.25114656283556,77.48306683934504,3.97784612941354,7630,Taylor y logit,False
prov,23,Santo Domingo de los Tsáchilas,411,113,6,31474.121285893223,68.85835879293037,5.018295925979459,58.29163259458463,77.76899191037316,7.287852940367615,7630,Taylor y logit,False
prov,24,Santa Elena,826,194,4,15956.683949664595,66.2762377392627,3.2026813329515993,59.742283982335785,72.2424329622509,4.83232217488154,7630,Taylor y logit,False
prov,3,Cañar,609,107,6,22034.944581356256,69.32219281279299,3.5470331229648218,61.969936259776915,75.80794491127475,5.116735318145098,7630,Taylor y logit,False
prov,4,Carchi,683,135,6,14222.738484481977,64.92006587226624,3.4527786065375987,57.8916723403879,71.35578500510336,5.318507552551054,7630,Taylor y logit,False
prov,5,Cotopaxi,880,124,6,44701.48629313811,55.37618560706768,3.193957479601846,49.062891423772236,61.52068575075622,5.767745547274025,7630,Taylor y logit,False
prov,6,Chimborazo,778,110,6,54517.66777984723,48.07701498284695,2.6168613912070278,42.98527311428291,53.20901574542191,5.443061288519429,7630,Taylor y logit,False
prov,7,El Oro,4041,704,9,61893.01442183585,71.07659842667806,2.9598019469452463,64.95079007359304,76.51881932288056,4.164242538982151,7630,Taylor y logit,False
prov,8,Esmeraldas,1510,297,6,33314.83746702581,64.42626658409674,2.0637123334400664,60.2861423249461,68.36129682780843,3.203215773408609,7630,Taylor y logit,False
prov,9,Guayas,4036,723,9,243139.2339703641,69.15444175075928,1.7513248668253274,65.62003180559364,72.47789501821202,2.532483557798511,7630,Taylor y logit,False
